Month,HBT,TotalOperations,TotalOperationsQF,TotalCancelled,TotalCancelledQF,CancelledByPatientReason,CancelledByPatientReasonQF,ClinicalReason,ClinicalReasonQF,NonClinicalCapacityReason,NonClinicalCapacityReasonQF,OtherReason,OtherReasonQF
201505,S08000015,1861,,178,,52,,70,,27,,29,
201505,S08000016,457,,66,,11,,10,,45,,0,
201505,S08000017,1433,,113,,33,,56,,15,,9,
201505,S08000019,1250,,91,,40,,34,,10,,7,
201505,S08000020,3310,,264,,110,,71,,76,,7,
201505,S08000022,1546,,241,,94,,53,,94,,0,
201505,S08000024,4695,,551,,254,,81,,27,,189,
201505,S08000025,182,,40,,30,,3,,5,,2,
201505,S08000026,163,,8,,5,,2,,1,,0,
201505,S08000028,102,,12,,3,,3,,6,,0,
201505,S08000029,1291,,103,,22,,57,,22,,2,
201505,S08000030,2389,,265,,80,,107,,66,,12,
201505,S08000031,6438,,483,,191,,223,,64,,5,
201505,S08000032,2419,,223,,112,,76,,35,,0,
201505,SB0801,1274,,57,,20,,7,,30,,0,
201506,S08000015,2015,,205,,71,,83,,29,,22,
201506,S08000016,511,,45,,15,,9,,20,,1,
201506,S08000017,1674,,113,,36,,60,,10,,7,
201506,S08000019,1190,,97,,46,,37,,8,,6,
201506,S08000020,3405,,310,,135,,96,,62,,17,
201506,S08000022,1604,,199,,90,,42,,67,,0,
201506,S08000024,5632,,649,,329,,93,,26,,201,
201506,S08000025,165,,11,,4,,0,,7,,0,
201506,S08000026,154,,8,,3,,2,,3,,0,
201506,S08000028,126,,15,,5,,6,,2,,2,
201506,S08000029,1438,,133,,46,,51,,29,,7,
201506,S08000030,2494,,253,,95,,84,,56,,18,
201506,S08000031,6788,,483,,186,,237,,54,,6,
201506,S08000032,2486,,207,,109,,62,,36,,0,
201506,SB0801,1259,,72,,24,,8,,40,,0,
201507,S08000015,2081,,208,,70,,89,,17,,32,
201507,S08000016,468,,33,,7,,8,,18,,0,
201507,S08000017,1680,,151,,49,,64,,26,,12,
201507,S08000019,1081,,94,,40,,26,,19,,9,
201507,S08000020,3121,,315,,149,,84,,48,,34,
201507,S08000022,1582,,192,,94,,56,,42,,0,
201507,S08000024,4477,,587,,274,,114,,54,,145,
201507,S08000025,168,,15,,3,,4,,8,,0,
201507,S08000026,166,,20,,7,,4,,9,,0,
201507,S08000028,117,,10,,4,,4,,1,,1,
201507,S08000029,1291,,90,,37,,40,,13,,0,
201507,S08000030,2062,,196,,55,,75,,57,,9,
201507,S08000031,5780,,419,,159,,207,,47,,6,
201507,S08000032,2302,,224,,113,,63,,48,,0,
201507,SB0801,1349,,88,,22,,16,,50,,0,
201508,S08000015,1922,,193,,74,,62,,26,,31,
201508,S08000016,469,,57,,8,,12,,36,,1,
201508,S08000017,1657,,136,,49,,70,,6,,11,
201508,S08000019,1154,,87,,40,,27,,12,,8,
201508,S08000020,3138,,269,,125,,76,,60,,8,
201508,S08000022,1409,,212,,100,,48,,64,,0,
201508,S08000024,5046,,517,,261,,152,,65,,39,
201508,S08000025,182,,11,,1,,1,,6,,3,
201508,S08000026,172,,11,,5,,6,,0,,0,
201508,S08000028,113,,8,,3,,3,,2,,0,
201508,S08000029,1149,,89,,22,,42,,8,,17,
201508,S08000030,2461,,252,,74,,89,,68,,21,
201508,S08000031,6285,,484,,180,,246,,50,,8,
201508,S08000032,2465,,214,,114,,68,,32,,0,
201508,SB0801,1326,,90,,24,,10,,56,,0,
201509,S08000015,1976,,196,,70,,78,,24,,24,
201509,S08000016,550,,46,,18,,12,,16,,0,
201509,S08000017,1659,,142,,57,,59,,19,,7,
201509,S08000019,1152,,115,,35,,51,,12,,17,
201509,S08000020,3319,,268,,105,,90,,50,,23,
201509,S08000022,1648,,216,,110,,63,,43,,0,
201509,S08000024,5357,,600,,280,,167,,84,,69,
201509,S08000025,162,,13,,9,,1,,3,,0,
201509,S08000026,170,,7,,6,,1,,0,,0,
201509,S08000028,135,,13,,4,,6,,3,,0,
201509,S08000029,1436,,89,,26,,43,,19,,1,
201509,S08000030,2610,,253,,71,,88,,74,,20,
201509,S08000031,7014,,556,,200,,245,,100,,11,
201509,S08000032,2414,,222,,106,,86,,30,,0,
201509,SB0801,1336,,93,,25,,10,,58,,0,
201510,S08000015,2051,,215,,76,,89,,25,,25,
201510,S08000016,510,,46,,10,,12,,24,,0,
201510,S08000017,1667,,153,,41,,83,,14,,15,
201510,S08000019,1058,,113,,34,,47,,23,,9,
201510,S08000020,3229,,242,,99,,80,,48,,15,
201510,S08000022,1502,,227,,107,,57,,63,,0,
201510,S08000024,5438,,640,,304,,144,,91,,101,
201510,S08000025,247,,30,,5,,9,,11,,5,
201510,S08000026,148,,8,,3,,3,,2,,0,
201510,S08000028,114,,11,,4,,1,,4,,2,
201510,S08000029,1335,,105,,38,,46,,18,,3,
201510,S08000030,2393,,225,,72,,89,,50,,14,
201510,S08000031,7859,,738,,288,,322,,122,,6,
201510,S08000032,2523,,213,,88,,84,,41,,0,
201510,SB0801,1413,,84,,29,,9,,46,,0,
201511,S08000015,2126,,222,,73,,88,,37,,24,
201511,S08000016,485,,37,,11,,10,,16,,0,
201511,S08000017,1511,,115,,25,,62,,12,,16,
201511,S08000019,1170,,101,,33,,42,,21,,5,
201511,S08000020,3345,,269,,111,,81,,64,,13,
201511,S08000022,1404,,166,,85,,46,,34,,1,
201511,S08000024,5701,,749,,395,,185,,102,,67,
201511,S08000025,206,,18,,6,,7,,3,,2,
201511,S08000026,160,,4,,3,,1,,0,,0,
201511,S08000028,118,,8,,0,,5,,3,,0,
201511,S08000029,1488,,113,,41,,54,,18,,0,
201511,S08000030,2368,,245,,69,,101,,67,,8,
201511,S08000031,7744,,699,,270,,297,,115,,17,
201511,S08000032,2503,,236,,107,,74,,55,,0,
201511,SB0801,1410,,80,,36,,9,,35,,0,
201512,S08000015,1913,,214,,92,,71,,22,,29,
201512,S08000016,363,,34,,9,,8,,17,,0,
201512,S08000017,1552,,121,,35,,63,,14,,9,
201512,S08000019,1035,,96,,35,,48,,12,,1,
201512,S08000020,3018,,236,,104,,68,,56,,8,
201512,S08000022,1311,,178,,71,,37,,69,,1,
201512,S08000024,5349,,688,,347,,181,,121,,39,
201512,S08000025,199,,17,,8,,8,,0,,1,
201512,S08000026,143,,7,,3,,2,,2,,0,
201512,S08000028,100,,5,,0,,4,,0,,1,
201512,S08000029,1367,,84,,27,,36,,17,,4,
201512,S08000030,2380,,263,,83,,79,,87,,14,
201512,S08000031,7150,,661,,271,,286,,83,,21,
201512,S08000032,2494,,227,,97,,64,,66,,0,
201512,SB0801,1332,,90,,29,,8,,53,,0,
201601,S08000015,1972,,177,,67,,72,,28,,10,
201601,S08000016,437,,53,,19,,15,,18,,1,
201601,S08000017,1410,,164,,54,,59,,37,,14,
201601,S08000019,999,,104,,36,,44,,22,,2,
201601,S08000020,3060,,340,,118,,76,,139,,7,
201601,S08000022,1304,,206,,71,,58,,75,,2,
201601,S08000024,4835,,645,,314,,143,,149,,39,
201601,S08000025,152,,15,,9,,3,,0,,3,
201601,S08000026,151,,11,,9,,1,,1,,0,
201601,S08000028,110,,14,,6,,6,,0,,2,
201601,S08000029,1405,,138,,42,,61,,32,,3,
201601,S08000030,2311,,302,,77,,80,,126,,19,
201601,S08000031,6770,,686,,244,,294,,124,,24,
201601,S08000032,2500,,266,,106,,80,,80,,0,
201601,SB0801,1330,,76,,26,,13,,37,,0,
201602,S08000015,2090,,234,,90,,85,,31,,28,
201602,S08000016,470,,56,,11,,9,,35,,1,
201602,S08000017,1575,,140,,49,,57,,27,,7,
201602,S08000019,1160,,100,,46,,37,,17,,0,
201602,S08000020,3312,,335,,134,,91,,102,,8,
201602,S08000022,1230,,190,,71,,58,,60,,1,
201602,S08000024,5457,,735,,337,,196,,139,,63,
201602,S08000025,205,,18,,8,,1,,9,,0,
201602,S08000026,145,,8,,5,,0,,3,,0,
201602,S08000028,132,,13,,6,,4,,2,,1,
201602,S08000029,1522,,98,,33,,43,,18,,4,
201602,S08000030,2595,,272,,79,,78,,99,,16,
201602,S08000031,7374,,694,,246,,309,,126,,13,
201602,S08000032,2466,,247,,88,,105,,54,,0,
201602,SB0801,1444,,85,,31,,14,,40,,0,
201603,S08000015,2122,,212,,75,,75,,31,,31,
201603,S08000016,531,,45,,12,,11,,22,,0,
201603,S08000017,1572,,160,,53,,57,,45,,5,
201603,S08000019,1135,,96,,31,,46,,15,,4,
201603,S08000020,3566,,330,,148,,86,,86,,10,
201603,S08000022,1174,,138,,61,,39,,38,,0,
201603,S08000024,5605,,740,,390,,177,,113,,60,
201603,S08000025,237,,22,,6,,6,,10,,0,
201603,S08000026,164,,7,,5,,2,,0,,0,
201603,S08000028,108,,26,,5,,7,,13,,1,
201603,S08000029,1552,,125,,40,,45,,38,,2,
201603,S08000030,2823,,305,,84,,110,,99,,12,
201603,S08000031,7490,,724,,279,,296,,133,,16,
201603,S08000032,2542,,228,,100,,89,,39,,0,
201603,SB0801,1492,,74,,21,,3,,50,,0,
201604,S08000015,2066,,191,,75,,71,,26,,19,
201604,S08000016,427,,43,,7,,14,,22,,0,
201604,S08000017,1521,,127,,43,,54,,22,,8,
201604,S08000019,1049,,96,,39,,26,,28,,3,
201604,S08000020,3203,,267,,119,,90,,36,,22,
201604,S08000022,1143,,125,,69,,36,,20,,0,
201604,S08000024,5168,,628,,310,,182,,87,,49,
201604,S08000025,211,,22,,3,,3,,16,,0,
201604,S08000026,185,,12,,5,,5,,2,,0,
201604,S08000028,118,,4,,0,,4,,0,,0,
201604,S08000029,1416,,87,,33,,39,,15,,0,
201604,S08000030,2197,,243,,76,,79,,74,,14,
201604,S08000031,7020,,607,,219,,291,,83,,14,
201604,S08000032,2628,,302,,152,,104,,46,,0,
201604,SB0801,1402,,53,,14,,11,,28,,0,
201605,S08000015,2072,,181,,64,,67,,17,,33,
201605,S08000016,527,,69,,10,,17,,42,,0,
201605,S08000017,1669,,154,,59,,61,,26,,8,
201605,S08000019,1103,,104,,29,,43,,29,,3,
201605,S08000020,3367,,281,,142,,90,,37,,12,
201605,S08000022,1201,,151,,58,,37,,56,,0,
201605,S08000024,5323,,606,,282,,179,,88,,57,
201605,S08000025,229,,25,,9,,4,,12,,0,
201605,S08000026,180,,7,,6,,1,,0,,0,
201605,S08000028,119,,8,,4,,4,,0,,0,
201605,S08000029,1549,,111,,27,,34,,50,,0,
201605,S08000030,2395,,257,,85,,87,,76,,9,
201605,S08000031,7014,,611,,236,,246,,117,,12,
201605,S08000032,2635,,212,,77,,107,,28,,0,
201605,SB0801,1541,,72,,26,,12,,34,,0,
201606,S08000015,2180,,203,,72,,73,,31,,27,
201606,S08000016,501,,38,,11,,9,,18,,0,
201606,S08000017,1773,,181,,34,,82,,43,,22,
201606,S08000019,1095,,80,,33,,38,,8,,1,
201606,S08000020,3349,,275,,124,,85,,54,,12,
201606,S08000022,1172,,155,,69,,45,,41,,0,
201606,S08000024,5780,,692,,320,,181,,107,,84,
201606,S08000025,224,,22,,8,,5,,9,,0,
201606,S08000026,161,,7,,6,,1,,0,,0,
201606,S08000028,122,,13,,4,,8,,1,,0,
201606,S08000029,1506,,99,,28,,40,,31,,0,
201606,S08000030,2475,,297,,108,,104,,70,,15,
201606,S08000031,7416,,632,,244,,284,,97,,7,
201606,S08000032,2493,,238,,108,,77,,53,,0,
201606,SB0801,1538,,72,,25,,5,,42,,0,
201607,S08000015,1948,,192,,76,,79,,21,,16,
201607,S08000016,359,,34,,13,,11,,10,,0,
201607,S08000017,1552,,143,,64,,48,,20,,11,
201607,S08000019,891,,79,,31,,23,,23,,2,
201607,S08000020,2709,,240,,107,,63,,60,,10,
201607,S08000022,987,,115,,58,,32,,25,,0,
201607,S08000024,4773,,451,,228,,132,,43,,48,
201607,S08000025,188,,10,,0,,3,,7,,0,
201607,S08000026,153,,10,,6,,4,,0,,0,
201607,S08000028,96,,9,,3,,3,,1,,2,
201607,S08000029,1168,,83,,31,,38,,14,,0,
201607,S08000030,1916,,213,,68,,64,,69,,12,
201607,S08000031,5845,,483,,204,,206,,67,,6,
201607,S08000032,2030,,178,,83,,60,,35,,0,
201607,SB0801,1403,,78,,11,,9,,58,,0,
201608,S08000015,1998,,173,,73,,70,,18,,12,
201608,S08000016,471,,50,,9,,10,,30,,1,
201608,S08000017,1636,,145,,52,,52,,23,,18,
201608,S08000019,1213,,118,,43,,43,,32,,0,
201608,S08000020,3260,,271,,125,,80,,59,,7,
201608,S08000022,1199,,182,,46,,33,,103,,0,
201608,S08000024,5472,,527,,259,,159,,78,,31,
201608,S08000025,197,,13,,4,,5,,3,,1,
201608,S08000026,200,,12,,2,,2,,8,,0,
201608,S08000028,128,,16,,3,,8,,4,,1,
201608,S08000029,1476,,116,,34,,43,,39,,0,
201608,S08000030,2531,,270,,99,,96,,60,,15,
201608,S08000031,7247,,654,,232,,284,,112,,26,
201608,S08000032,2574,,246,,112,,89,,45,,0,
201608,SB0801,1613,,86,,27,,11,,48,,0,
201609,S08000015,1861,,201,,73,,76,,31,,21,
201609,S08000016,413,,34,,11,,12,,11,,0,
201609,S08000017,1629,,126,,50,,48,,16,,12,
201609,S08000019,1108,,97,,36,,33,,28,,0,
201609,S08000020,3204,,265,,99,,74,,79,,13,
201609,S08000022,1212,,183,,88,,37,,57,,1,
201609,S08000024,4956,,483,,223,,129,,99,,32,
201609,S08000025,228,,11,,5,,2,,1,,3,
201609,S08000026,162,,10,,7,,3,,0,,0,
201609,S08000028,115,,8,,2,,2,,3,,1,
201609,S08000029,1403,,91,,34,,34,,17,,6,
201609,S08000030,2351,,250,,109,,71,,60,,10,
201609,S08000031,7030,,633,,223,,289,,91,,30,
201609,S08000032,2491,,270,,103,,85,,82,,0,
201609,SB0801,1411,,80,,26,,11,,43,,0,
201610,S08000015,1950,,193,,76,,59,,40,,18,
201610,S08000016,465,,38,,14,,8,,16,,0,
201610,S08000017,1479,,119,,25,,64,,17,,13,
201610,S08000019,1071,,118,,49,,43,,26,,0,
201610,S08000020,2981,,263,,94,,73,,83,,13,
201610,S08000022,1151,,153,,65,,45,,43,,0,
201610,S08000024,4814,,538,,203,,210,,87,,38,
201610,S08000025,182,,10,,6,,2,,0,,2,
201610,S08000026,132,,11,,6,,3,,2,,0,
201610,S08000028,116,,9,,1,,5,,2,,1,
201610,S08000029,1677,,95,,25,,42,,21,,7,
201610,S08000030,2198,,236,,82,,69,,71,,14,
201610,S08000031,7030,,616,,223,,252,,111,,30,
201610,S08000032,2577,,217,,111,,72,,34,,0,
201610,SB0801,1475,,103,,31,,11,,61,,0,
201611,S08000015,2207,,213,,81,,82,,25,,25,
201611,S08000016,450,,44,,13,,20,,10,,1,
201611,S08000017,1561,,119,,32,,65,,12,,10,
201611,S08000019,1205,,100,,34,,39,,27,,0,
201611,S08000020,3287,,261,,92,,70,,96,,3,
201611,S08000022,1319,,173,,61,,56,,56,,0,
201611,S08000024,5456,,582,,280,,195,,91,,16,
201611,S08000025,207,,15,,6,,2,,3,,4,
201611,S08000026,196,,18,,8,,4,,6,,0,
201611,S08000028,120,,4,,3,,1,,0,,0,
201611,S08000029,1445,,134,,30,,57,,47,,0,
201611,S08000030,2605,,261,,88,,84,,70,,19,
201611,S08000031,7572,,656,,222,,291,,113,,30,
201611,S08000032,2578,,193,,86,,71,,36,,0,
201611,SB0801,1522,,98,,19,,6,,73,,0,
201612,S08000015,1868,,172,,62,,70,,24,,16,
201612,S08000016,377,,30,,14,,6,,10,,0,
201612,S08000017,1388,,124,,44,,53,,25,,2,
201612,S08000019,984,,87,,42,,20,,25,,0,
201612,S08000020,2728,,267,,116,,69,,74,,8,
201612,S08000022,1076,,204,,55,,49,,100,,0,
201612,S08000024,4976,,550,,267,,166,,99,,18,
201612,S08000025,178,,12,,9,,1,,1,,1,
201612,S08000026,155,,10,,7,,1,,2,,0,
201612,S08000028,96,,5,,1,,4,,0,,0,
201612,S08000029,1209,,142,,27,,43,,72,,0,
201612,S08000030,2156,,220,,72,,79,,49,,20,
201612,S08000031,6242,,617,,245,,263,,84,,25,
201612,S08000032,2345,,224,,103,,84,,37,,0,
201612,SB0801,1375,,74,,20,,12,,42,,0,
201701,S08000015,1947,,170,,70,,81,,9,,10,
201701,S08000016,378,,60,,10,,9,,41,,0,
201701,S08000017,1607,,123,,42,,56,,16,,9,
201701,S08000019,1109,,120,,46,,36,,37,,1,
201701,S08000020,2443,,244,,98,,57,,84,,5,
201701,S08000022,1137,,145,,56,,38,,50,,1,
201701,S08000024,4742,,535,,240,,186,,90,,19,
201701,S08000025,205,,12,,8,,2,,1,,1,
201701,S08000026,200,,22,,9,,2,,11,,0,
201701,S08000028,108,,6,,4,,2,,0,,0,
201701,S08000029,1409,,148,,28,,46,,74,,0,
201701,S08000030,2246,,244,,68,,80,,83,,13,
201701,S08000031,6487,,580,,198,,238,,120,,24,
201701,S08000032,2414,,250,,118,,82,,50,,0,
201701,SB0801,1447,,81,,30,,13,,38,,0,
201702,S08000015,1892,,210,,67,,89,,43,,11,
201702,S08000016,370,,30,,11,,13,,6,,0,
201702,S08000017,1548,,107,,32,,57,,14,,4,
201702,S08000019,1080,,103,,40,,37,,26,,0,
201702,S08000020,2555,,241,,89,,61,,86,,5,
201702,S08000022,1095,,151,,53,,49,,48,,1,
201702,S08000024,4783,,518,,227,,163,,108,,20,
201702,S08000025,176,,11,,6,,1,,0,,4,
201702,S08000026,175,,9,,5,,4,,0,,0,
201702,S08000028,108,,9,,4,,4,,1,,0,
201702,S08000029,1255,,112,,22,,50,,36,,4,
201702,S08000030,2296,,212,,48,,83,,71,,10,
201702,S08000031,6395,,546,,187,,266,,73,,20,
201702,S08000032,2427,,238,,120,,63,,55,,0,
201702,SB0801,1320,,47,,22,,6,,19,,0,
201703,S08000015,2113,,192,,68,,92,,26,,6,
201703,S08000016,455,,36,,14,,14,,8,,0,
201703,S08000017,1880,,126,,34,,49,,30,,13,
201703,S08000019,1219,,102,,36,,47,,19,,0,
201703,S08000020,2988,,257,,91,,89,,69,,8,
201703,S08000022,1250,,193,,80,,49,,64,,0,
201703,S08000024,5651,,616,,270,,219,,89,,38,
201703,S08000025,239,,21,,16,,2,,1,,2,
201703,S08000026,187,,9,,4,,5,,0,,0,
201703,S08000028,105,,9,,3,,5,,0,,1,
201703,S08000029,1480,,128,,29,,57,,42,,0,
201703,S08000030,2527,,239,,72,,90,,68,,9,
201703,S08000031,7317,,594,,216,,277,,86,,15,
201703,S08000032,2838,,273,,106,,94,,73,,0,
201703,SB0801,1547,,92,,31,,16,,45,,0,
201704,S08000015,1679,,185,,70,,80,,29,,6,
201704,S08000016,421,,47,,14,,14,,18,,1,
201704,S08000017,1422,,109,,39,,51,,9,,10,
201704,S08000019,964,,82,,32,,35,,13,,2,
201704,S08000020,2554,,239,,90,,79,,58,,12,
201704,S08000022,974,,131,,54,,37,,40,,0,
201704,S08000024,4400,,415,,192,,133,,61,,29,
201704,S08000025,177,,9,,3,,1,,2,,3,
201704,S08000026,145,,4,,3,,1,,0,,0,
201704,S08000028,99,,5,,0,,5,,0,,0,
201704,S08000029,1158,,116,,28,,50,,31,,7,
201704,S08000030,1982,,222,,70,,62,,81,,9,
201704,S08000031,5278,,499,,197,,211,,84,,7,
201704,S08000032,2072,,160,,78,,57,,25,,0,
201704,SB0801,1166,,72,,28,,5,,39,,0,
201705,S08000015,1980,,234,,81,,106,,38,,9,
201705,S08000016,469,,47,,14,,15,,18,,0,
201705,S08000017,1561,,108,,36,,47,,16,,9,
201705,S08000019,1180,,115,,40,,40,,35,,0,
201705,S08000020,2986,,243,,99,,88,,48,,8,
201705,S08000022,1258,,127,,63,,43,,21,,0,
201705,S08000024,5435,,504,,251,,157,,69,,27,
201705,S08000025,192,,11,,7,,1,,2,,1,
201705,S08000026,207,,17,,7,,5,,5,,0,
201705,S08000028,124,,10,,6,,3,,0,,1,
201705,S08000029,1360,,116,,33,,44,,39,,0,
201705,S08000030,2214,,165,,62,,66,,30,,7,
201705,S08000031,6942,,590,,226,,283,,78,,3,
201705,S08000032,2570,,240,,93,,87,,60,,0,
201705,SB0801,1519,,103,,35,,15,,53,,0,
201706,S08000015,2029,,176,,62,,95,,14,,5,
201706,S08000016,447,,34,,7,,15,,12,,0,
201706,S08000017,1522,,105,,52,,42,,10,,1,
201706,S08000019,1146,,133,,49,,35,,49,,0,
201706,S08000020,2822,,240,,92,,68,,76,,4,
201706,S08000022,1199,,137,,69,,47,,21,,0,
201706,S08000024,5363,,563,,285,,194,,63,,21,
201706,S08000025,191,,16,,8,,5,,1,,2,
201706,S08000026,186,,11,,6,,1,,4,,0,
201706,S08000028,94,,11,,5,,6,,0,,0,
201706,S08000029,1366,,91,,27,,40,,23,,1,
201706,S08000030,2227,,166,,61,,66,,30,,9,
201706,S08000031,6849,,585,,231,,238,,99,,17,
201706,S08000032,2643,,247,,122,,78,,47,,0,
201706,SB0801,1517,,89,,34,,28,,27,,0,
201707,S08000015,1514,,139,,49,,68,,20,,2,
201707,S08000016,336,,35,,5,,11,,19,,0,
201707,S08000017,1281,,98,,33,,44,,16,,5,
201707,S08000019,936,,82,,31,,32,,18,,1,
201707,S08000020,2477,,193,,84,,66,,40,,3,
201707,S08000022,1226,,110,,54,,35,,21,,0,
201707,S08000024,4960,,434,,214,,134,,71,,15,
201707,S08000025,176,,9,,4,,1,,1,,3,
201707,S08000026,157,,11,,6,,1,,4,,0,
201707,S08000028,79,,20,,6,,4,,7,,3,
201707,S08000029,1185,,92,,28,,47,,17,,0,
201707,S08000030,1674,,137,,55,,42,,34,,6,
201707,S08000031,5591,,441,,165,,204,,64,,8,
201707,S08000032,2237,,202,,96,,64,,42,,0,
201707,SB0801,1359,,71,,19,,22,,30,,0,
201708,S08000015,1864,,178,,54,,91,,28,,5,
201708,S08000016,418,,38,,7,,16,,15,,0,
201708,S08000017,1414,,125,,49,,47,,21,,8,
201708,S08000019,1057,,98,,36,,30,,31,,1,
201708,S08000020,2919,,262,,77,,92,,83,,10,
201708,S08000022,1309,,122,,53,,40,,29,,0,
201708,S08000024,6066,,572,,272,,184,,87,,29,
201708,S08000025,175,,11,,2,,2,,2,,5,
201708,S08000026,206,,14,,5,,5,,4,,0,
201708,S08000028,95,,10,,3,,0,,6,,1,
201708,S08000029,1349,,84,,29,,40,,15,,0,
201708,S08000030,2263,,160,,57,,62,,29,,12,
201708,S08000031,7060,,548,,237,,230,,76,,5,
201708,S08000032,2636,,270,,110,,96,,64,,0,
201708,SB0801,1685,,86,,22,,31,,33,,0,
201709,S08000015,1674,,169,,43,,79,,44,,3,
201709,S08000016,435,,31,,12,,9,,10,,0,
201709,S08000017,1374,,122,,33,,62,,21,,6,
201709,S08000019,1090,,125,,50,,40,,35,,0,
201709,S08000020,2639,,294,,75,,97,,106,,16,
201709,S08000022,1220,,115,,53,,36,,26,,0,
201709,S08000024,5233,,513,,254,,167,,62,,30,
201709,S08000025,162,,7,,4,,1,,0,,2,
201709,S08000026,171,,12,,5,,2,,5,,0,
201709,S08000028,68,,16,,0,,2,,14,,0,
201709,S08000029,1335,,95,,31,,43,,19,,2,
201709,S08000030,2035,,184,,60,,62,,54,,8,
201709,S08000031,6520,,548,,208,,258,,62,,20,
201709,S08000032,2435,,228,,88,,86,,54,,0,
201709,SB0801,1449,,101,,27,,26,,48,,0,
201710,S08000015,1779,,141,,52,,62,,22,,5,
201710,S08000016,464,,50,,11,,14,,25,,0,
201710,S08000017,1381,,106,,45,,26,,31,,4,
201710,S08000019,1084,,114,,38,,34,,42,,0,
201710,S08000020,2674,,271,,106,,74,,78,,13,
201710,S08000022,1205,,151,,74,,36,,41,,0,
201710,S08000024,5432,,456,,215,,149,,77,,15,
201710,S08000025,219,,22,,11,,9,,1,,1,
201710,S08000026,182,,17,,3,,5,,9,,0,
201710,S08000028,107,,17,,2,,6,,8,,1,
201710,S08000029,1416,,84,,35,,38,,11,,0,
201710,S08000030,1953,,128,,36,,52,,29,,11,
201710,S08000031,6669,,517,,170,,235,,90,,22,
201710,S08000032,2593,,269,,124,,96,,49,,0,
201710,SB0801,1548,,92,,18,,30,,44,,0,
201711,S08000015,1847,,163,,55,,74,,28,,6,
201711,S08000016,469,,61,,28,,3,,30,,0,
201711,S08000017,1462,,122,,37,,53,,21,,11,
201711,S08000019,1112,,96,,33,,34,,29,,0,
201711,S08000020,2894,,315,,86,,98,,117,,14,
201711,S08000022,1320,,155,,83,,45,,26,,1,
201711,S08000024,5703,,510,,228,,158,,97,,27,
201711,S08000025,253,,18,,12,,2,,3,,1,
201711,S08000026,195,,13,,8,,4,,1,,0,
201711,S08000028,124,,19,,3,,8,,8,,0,
201711,S08000029,1506,,137,,27,,52,,58,,0,
201711,S08000030,2206,,167,,47,,62,,54,,4,
201711,S08000031,7242,,598,,185,,273,,120,,20,
201711,S08000032,2824,,256,,121,,99,,36,,0,
201711,SB0801,1663,,90,,24,,30,,36,,0,
201712,S08000015,1500,,139,,39,,77,,18,,5,
201712,S08000016,359,,62,,11,,8,,43,,0,
201712,S08000017,1058,,93,,34,,36,,19,,4,
201712,S08000019,923,,100,,25,,35,,40,,0,
201712,S08000020,2447,,294,,105,,68,,103,,18,
201712,S08000022,1103,,133,,67,,30,,33,,3,
201712,S08000024,4872,,619,,261,,150,,180,,28,
201712,S08000025,209,,6,,4,,0,,0,,2,
201712,S08000026,135,,7,,4,,2,,1,,0,
201712,S08000028,102,,8,,3,,4,,1,,0,
201712,S08000029,1108,,129,,20,,40,,69,,0,
201712,S08000030,1457,,136,,44,,41,,47,,4,
201712,S08000031,5858,,606,,202,,245,,129,,30,
201712,S08000032,2165,,247,,93,,88,,66,,0,
201712,SB0801,1328,,85,,23,,33,,29,,0,
201801,S08000015,1771,,193,,39,,61,,85,,8,
201801,S08000016,372,,88,,21,,8,,59,,0,
201801,S08000017,1392,,168,,53,,62,,41,,12,
201801,S08000019,1010,,133,,46,,46,,41,,0,
201801,S08000020,2470,,260,,85,,91,,76,,8,
201801,S08000022,1114,,273,,62,,40,,166,,5,
201801,S08000024,5324,,869,,321,,151,,370,,27,
201801,S08000025,227,,12,,5,,3,,1,,3,
201801,S08000026,139,,7,,4,,3,,0,,0,
201801,S08000028,124,,17,,2,,13,,2,,0,
201801,S08000029,1320,,209,,21,,37,,151,,0,
201801,S08000030,1709,,118,,42,,33,,36,,7,
201801,S08000031,6638,,737,,235,,319,,139,,44,
201801,S08000032,2642,,250,,96,,97,,57,,0,
201801,SB0801,1638,,89,,33,,32,,24,,0,
201802,S08000015,1625,,210,,62,,75,,57,,16,
201802,S08000016,375,,66,,10,,12,,43,,1,
201802,S08000017,1394,,160,,62,,62,,30,,6,
201802,S08000019,947,,102,,42,,39,,21,,0,
201802,S08000020,2500,,224,,99,,63,,49,,13,
201802,S08000022,917,,193,,39,,23,,125,,6,
201802,S08000024,4698,,483,,210,,123,,106,,44,
201802,S08000025,204,,12,,7,,4,,0,,1,
201802,S08000026,159,,9,,8,,1,,0,,0,
201802,S08000028,103,,13,,3,,6,,0,,4,
201802,S08000029,1246,,116,,36,,32,,48,,0,
201802,S08000030,1774,,143,,49,,36,,50,,8,
201802,S08000031,6506,,608,,209,,229,,70,,100,
201802,S08000032,2520,,296,,129,,89,,71,,7,
201802,SB0801,1415,,84,,14,,29,,41,,0,
201803,S08000015,1843,,187,,62,,81,,26,,18,
201803,S08000016,458,,101,,16,,7,,50,,28,
201803,S08000017,1556,,140,,57,,49,,25,,9,
201803,S08000019,1133,,200,,50,,28,,122,,0,
201803,S08000020,2841,,336,,120,,96,,93,,27,
201803,S08000022,1204,,164,,64,,27,,68,,5,
201803,S08000024,5281,,898,,304,,136,,417,,41,
201803,S08000025,286,,16,,10,,1,,2,,3,
201803,S08000026,170,,15,,5,,7,,3,,0,
201803,S08000028,90,,6,,1,,3,,1,,1,
201803,S08000029,1263,,177,,50,,36,,91,,0,
201803,S08000030,2039,,182,,54,,49,,74,,5,
201803,S08000031,6855,,852,,198,,253,,122,,279,
201803,S08000032,2601,,288,,106,,98,,69,,15,
201803,SB0801,1425,,84,,25,,21,,38,,0,
201804,S08000015,1592,,157,,57,,75,,18,,7,
201804,S08000016,369,,44,,10,,8,,26,,0,
201804,S08000017,1442,,143,,55,,53,,28,,7,
201804,S08000019,975,,96,,38,,19,,39,,0,
201804,S08000020,2535,,273,,96,,73,,96,,8,
201804,S08000022,1201,,144,,67,,40,,37,,0,
201804,S08000024,5200,,525,,230,,159,,118,,18,
201804,S08000025,215,,9,,6,,3,,0,,0,
201804,S08000026,169,,6,,4,,2,,0,,0,
201804,S08000028,92,,5,,2,,3,,0,,0,
201804,S08000029,1196,,106,,32,,32,,42,,0,
201804,S08000030,1854,,142,,63,,38,,36,,5,
201804,S08000031,6182,,472,,168,,210,,84,,10,
201804,S08000032,2411,,231,,96,,83,,40,,12,
201804,SB0801,1499,,76,,15,,38,,23,,0,
201805,S08000015,1817,,160,,55,,82,,18,,5,
201805,S08000016,442,,32,,15,,8,,9,,0,
201805,S08000017,1712,,132,,53,,45,,29,,5,
201805,S08000019,1139,,102,,36,,33,,33,,0,
201805,S08000020,2984,,268,,90,,102,,69,,7,
201805,S08000022,1341,,118,,53,,38,,27,,0,
201805,S08000024,5871,,528,,267,,168,,67,,26,
201805,S08000025,230,,7,,3,,2,,2,,0,
201805,S08000026,199,,5,,3,,2,,0,,0,
201805,S08000028,105,,12,,4,,6,,2,,0,
201805,S08000029,1474,,119,,34,,51,,34,,0,
201805,S08000030,2244,,165,,57,,50,,53,,5,
201805,S08000031,7166,,542,,215,,238,,72,,17,
201805,S08000032,2739,,244,,102,,70,,57,,15,
201805,SB0801,1744,,63,,28,,18,,17,,0,
201806,S08000015,1654,,145,,48,,75,,19,,3,
201806,S08000016,395,,37,,11,,5,,21,,0,
201806,S08000017,1420,,112,,50,,43,,14,,5,
201806,S08000019,989,,77,,29,,35,,13,,0,
201806,S08000020,2837,,252,,99,,94,,53,,6,
201806,S08000022,1176,,116,,49,,33,,34,,0,
201806,S08000024,5508,,496,,241,,166,,55,,34,
201806,S08000025,212,,8,,5,,1,,1,,1,
201806,S08000026,210,,11,,7,,4,,0,,0,
201806,S08000028,85,,11,,5,,2,,4,,0,
201806,S08000029,1283,,94,,35,,38,,21,,0,
201806,S08000030,2055,,144,,44,,50,,44,,6,
201806,S08000031,6636,,514,,192,,249,,57,,16,
201806,S08000032,2218,,187,,70,,66,,41,,10,
201806,SB0801,1577,,74,,15,,34,,25,,0,
201807,S08000015,1634,,157,,62,,74,,16,,5,
201807,S08000016,374,,38,,12,,12,,14,,0,
201807,S08000017,1441,,116,,46,,46,,24,,0,
201807,S08000019,820,,89,,26,,28,,32,,3,
201807,S08000020,2770,,249,,105,,86,,53,,5,
201807,S08000022,1169,,189,,54,,45,,90,,0,
201807,S08000024,5475,,594,,290,,152,,106,,46,
201807,S08000025,209,,12,,8,,2,,0,,2,
201807,S08000026,156,,7,,5,,2,,0,,0,
201807,S08000028,90,,12,,1,,7,,4,,0,
201807,S08000029,1154,,86,,25,,35,,26,,0,
201807,S08000030,1446,,98,,38,,28,,31,,1,
201807,S08000031,5948,,480,,204,,193,,74,,9,
201807,S08000032,2127,,208,,89,,67,,38,,14,
201807,SB0801,1391,,76,,14,,30,,32,,0,
201808,S08000015,1693,,169,,78,,68,,17,,6,
201808,S08000016,451,,44,,18,,12,,14,,0,
201808,S08000017,1520,,142,,55,,58,,21,,8,
201808,S08000019,977,,102,,41,,30,,30,,1,
201808,S08000020,3013,,263,,94,,92,,66,,11,
201808,S08000022,1287,,186,,70,,43,,73,,0,
201808,S08000024,6060,,564,,237,,170,,112,,45,
201808,S08000025,224,,20,,9,,3,,8,,0,
201808,S08000026,215,,11,,4,,6,,1,,0,
201808,S08000028,129,,16,,9,,3,,4,,0,
201808,S08000029,1323,,91,,20,,45,,26,,0,
201808,S08000030,2018,,130,,51,,37,,32,,10,
201808,S08000031,7282,,565,,197,,237,,116,,15,
201808,S08000032,2446,,228,,76,,91,,43,,18,
201808,SB0801,1681,,70,,11,,37,,22,,0,
201809,S08000015,1438,,147,,52,,74,,16,,5,
201809,S08000016,388,,25,,6,,13,,6,,0,
201809,S08000017,1365,,125,,52,,55,,16,,2,
201809,S08000019,995,,84,,29,,26,,29,,0,
201809,S08000020,2572,,243,,87,,74,,66,,16,
201809,S08000022,1223,,157,,76,,45,,36,,0,
201809,S08000024,4828,,456,,205,,161,,58,,32,
201809,S08000025,224,,9,,5,,4,,0,,0,
201809,S08000026,176,,11,,4,,5,,2,,0,
201809,S08000028,90,,8,,3,,1,,3,,1,
201809,S08000029,1284,,104,,29,,52,,23,,0,
201809,S08000030,1700,,120,,40,,39,,32,,9,
201809,S08000031,6192,,487,,174,,225,,78,,10,
201809,S08000032,2277,,209,,85,,68,,50,,6,
201809,SB0801,1524,,70,,25,,31,,14,,0,
201810,S08000015,1783,,187,,64,,73,,43,,7,
201810,S08000016,420,,43,,11,,10,,22,,0,
201810,S08000017,1576,,148,,49,,72,,22,,5,
201810,S08000019,1140,,79,,24,,34,,20,,1,
201810,S08000020,3119,,300,,118,,106,,64,,12,
201810,S08000022,1345,,153,,76,,36,,41,,0,
201810,S08000024,5799,,506,,245,,184,,63,,14,
201810,S08000025,234,,20,,8,,7,,5,,0,
201810,S08000026,177,,9,,4,,2,,3,,0,
201810,S08000028,127,,9,,4,,5,,0,,0,
201810,S08000029,1392,,112,,38,,38,,36,,0,
201810,S08000030,1774,,122,,35,,26,,33,,28,
201810,S08000031,7106,,577,,179,,263,,84,,51,
201810,S08000032,2765,,243,,103,,75,,48,,17,
201810,SB0801,1800,,94,,28,,26,,40,,0,
201811,S08000015,1774,,186,,57,,74,,51,,4,
201811,S08000016,385,,33,,14,,12,,7,,0,
201811,S08000017,1613,,125,,43,,60,,14,,8,
201811,S08000019,1108,,107,,35,,46,,26,,0,
201811,S08000020,3298,,279,,94,,104,,67,,14,
201811,S08000022,1282,,138,,52,,45,,41,,0,
201811,S08000024,4982,,503,,208,,205,,65,,25,
201811,S08000025,273,,14,,5,,4,,5,,0,
201811,S08000026,204,,9,,9,,0,,0,,0,
201811,S08000028,97,,5,,1,,4,,0,,0,
201811,S08000029,1389,,103,,33,,54,,16,,0,
201811,S08000030,2047,,130,,25,,40,,57,,8,
201811,S08000031,6472,,939,,137,,217,,570,,15,
201811,S08000032,2847,,260,,96,,100,,49,,15,
201811,SB0801,1784,,78,,18,,32,,28,,0,
201812,S08000015,1499,,153,,47,,77,,24,,5,
201812,S08000016,275,,25,,2,,18,,4,,1,
201812,S08000017,1273,,100,,36,,43,,17,,4,
201812,S08000019,815,,85,,37,,22,,26,,0,
201812,S08000020,2527,,234,,89,,85,,52,,8,
201812,S08000022,1099,,132,,58,,44,,30,,0,
201812,S08000024,4831,,555,,209,,142,,179,,25,
201812,S08000025,211,,11,,9,,0,,2,,0,
201812,S08000026,161,,14,,6,,8,,0,,0,
201812,S08000028,87,,10,,1,,6,,3,,0,
201812,S08000029,1173,,88,,28,,36,,24,,0,
201812,S08000030,1555,,103,,25,,32,,44,,2,
201812,S08000031,5340,,422,,124,,199,,94,,5,
201812,S08000032,2250,,248,,111,,93,,33,,11,
201812,SB0801,1443,,57,,18,,26,,13,,0,
201901,S08000015,1877,,259,,74,,112,,69,,4,
201901,S08000016,356,,34,,9,,11,,14,,0,
201901,S08000017,1499,,120,,46,,52,,18,,4,
201901,S08000019,1015,,100,,39,,38,,23,,0,
201901,S08000020,3148,,307,,109,,104,,76,,18,
201901,S08000022,1184,,158,,56,,32,,63,,7,
201901,S08000024,5252,,593,,245,,162,,132,,54,
201901,S08000025,227,,21,,7,,3,,6,,5,
201901,S08000026,178,,12,,6,,6,,0,,0,
201901,S08000028,118,,12,,2,,5,,5,,0,
201901,S08000029,1391,,117,,40,,38,,39,,0,
201901,S08000030,1951,,123,,37,,46,,31,,9,
201901,S08000031,6649,,568,,190,,255,,82,,41,
201901,S08000032,2722,,275,,114,,102,,52,,7,
201901,SB0801,1704,,89,,38,,24,,27,,0,
201902,S08000015,1733,,180,,52,,86,,35,,7,
201902,S08000016,404,,40,,10,,19,,10,,1,
201902,S08000017,1421,,103,,27,,44,,30,,2,
201902,S08000019,992,,99,,31,,44,,23,,1,
201902,S08000020,2864,,265,,81,,68,,105,,11,
201902,S08000022,1210,,173,,66,,41,,65,,1,
201902,S08000024,4737,,484,,212,,152,,79,,41,
201902,S08000025,229,,17,,4,,6,,5,,2,
201902,S08000026,192,,11,,6,,4,,1,,0,
201902,S08000028,105,,14,,5,,7,,2,,0,
201902,S08000029,1689,,109,,36,,39,,34,,0,
201902,S08000030,1740,,104,,35,,36,,29,,4,
201902,S08000031,6415,,492,,169,,234,,63,,26,
201902,S08000032,2488,,283,,120,,75,,52,,36,
201902,SB0801,1543,,81,,20,,24,,37,,0,
201903,S08000015,1731,,190,,51,,100,,31,,8,
201903,S08000016,453,,44,,12,,13,,17,,2,
201903,S08000017,1411,,120,,45,,43,,27,,5,
201903,S08000019,1085,,77,,30,,35,,12,,0,
201903,S08000020,3366,,292,,117,,99,,65,,11,
201903,S08000022,1397,,139,,60,,47,,31,,1,
201903,S08000024,5304,,525,,221,,164,,91,,49,
201903,S08000025,265,,20,,12,,3,,3,,2,
201903,S08000026,197,,14,,8,,4,,2,,0,
201903,S08000028,99,,8,,0,,6,,2,,0,
201903,S08000029,1633,,103,,42,,36,,25,,0,
201903,S08000030,2008,,108,,30,,37,,33,,8,
201903,S08000031,6774,,513,,171,,241,,83,,18,
201903,S08000032,2274,,269,,107,,97,,50,,15,
201903,SB0801,1649,,83,,28,,38,,17,,0,
201904,S08000015,1698,,157,,60,,72,,23,,2,
201904,S08000016,408,,25,,9,,12,,4,,0,
201904,S08000017,1483,,113,,39,,49,,20,,5,
201904,S08000019,1010,,80,,29,,31,,20,,0,
201904,S08000020,3116,,244,,83,,86,,65,,10,
201904,S08000022,1296,,166,,72,,37,,57,,0,
201904,S08000024,5027,,458,,208,,145,,82,,23,
201904,S08000025,252,,21,,7,,6,,8,,0,
201904,S08000026,171,,4,,3,,1,,0,,0,
201904,S08000028,87,,7,,1,,3,,3,,0,
201904,S08000029,1353,,113,,32,,49,,32,,0,
201904,S08000030,1792,,118,,47,,33,,28,,10,
201904,S08000031,5870,,448,,160,,203,,77,,8,
201904,S08000032,2124,,281,,135,,86,,54,,6,
201904,SB0801,1517,,75,,25,,31,,19,,0,
201905,S08000015,1710,,179,,60,,78,,33,,8,
201905,S08000016,385,,33,,14,,11,,8,,0,
201905,S08000017,1576,,132,,45,,62,,21,,4,
201905,S08000019,1124,,98,,40,,41,,17,,0,
201905,S08000020,3383,,257,,99,,88,,55,,15,
201905,S08000022,1435,,180,,90,,45,,45,,0,
201905,S08000024,5655,,520,,281,,149,,66,,24,
201905,S08000025,315,,16,,8,,5,,3,,0,
201905,S08000026,210,,19,,11,,7,,1,,0,
201905,S08000028,96,,6,,1,,4,,1,,0,
201905,S08000029,1423,,109,,37,,45,,27,,0,
201905,S08000030,2145,,136,,40,,55,,33,,8,
201905,S08000031,6094,,463,,142,,199,,112,,10,
201905,S08000032,2479,,247,,80,,104,,52,,11,
201905,SB0801,1642,,74,,21,,27,,26,,0,
201906,S08000015,1568,,176,,51,,79,,34,,12,
201906,S08000016,328,,28,,17,,4,,7,,0,
201906,S08000017,1439,,106,,33,,50,,20,,3,
201906,S08000019,996,,95,,34,,30,,31,,0,
201906,S08000020,3086,,288,,115,,92,,70,,11,
201906,S08000022,1152,,146,,49,,36,,61,,0,
201906,S08000024,5230,,574,,284,,166,,95,,29,
201906,S08000025,98,,7,,4,,1,,2,,0,
201906,S08000026,165,,6,,3,,3,,0,,0,
201906,S08000028,90,,14,,6,,4,,3,,1,
201906,S08000029,1288,,85,,27,,28,,30,,0,
201906,S08000030,1885,,98,,36,,38,,17,,7,
201906,S08000031,5870,,428,,149,,183,,85,,11,
201906,S08000032,2175,,230,,71,,95,,47,,17,
201906,SB0801,1571,,67,,13,,24,,30,,0,
201907,S08000015,1641,,189,,64,,78,,27,,20,
201907,S08000016,414,,24,,12,,7,,5,,0,
201907,S08000017,1594,,119,,46,,52,,14,,7,
201907,S08000019,825,,90,,41,,28,,21,,0,
201907,S08000020,3014,,258,,114,,88,,43,,13,
201907,S08000022,1218,,170,,71,,41,,58,,0,
201907,S08000024,5251,,556,,174,,171,,192,,19,
201907,S08000025,305,,16,,7,,3,,6,,0,
201907,S08000026,160,,10,,6,,4,,0,,0,
201907,S08000028,128,,13,,2,,10,,1,,0,
201907,S08000029,1180,,76,,23,,38,,15,,0,
201907,S08000030,1623,,102,,44,,31,,23,,4,
201907,S08000031,5763,,418,,143,,198,,70,,7,
201907,S08000032,2090,,219,,76,,91,,40,,12,
201907,SB0801,1684,,85,,24,,32,,29,,0,
201908,S08000015,1884,,206,,69,,64,,63,,10,
201908,S08000016,387,,46,,10,,8,,28,,0,
201908,S08000017,1471,,127,,43,,49,,30,,5,
201908,S08000019,959,,70,,27,,32,,11,,0,
201908,S08000020,3047,,252,,107,,66,,56,,23,
201908,S08000022,1196,,145,,68,,45,,32,,0,
201908,S08000024,5094,,494,,181,,163,,134,,16,
201908,S08000025,305,,19,,13,,5,,1,,0,
201908,S08000026,171,,20,,6,,7,,2,,5,
201908,S08000028,90,,10,,4,,3,,3,,0,
201908,S08000029,1250,,78,,31,,26,,21,,0,
201908,S08000030,1967,,130,,46,,38,,39,,7,
201908,S08000031,6325,,432,,164,,192,,61,,15,
201908,S08000032,2211,,245,,92,,79,,48,,26,
201908,SB0801,1679,,69,,14,,26,,29,,0,
201909,S08000015,1561,,170,,68,,58,,31,,13,
201909,S08000016,424,,38,,15,,9,,14,,0,
201909,S08000017,1431,,126,,40,,54,,29,,3,
201909,S08000019,1018,,93,,41,,35,,17,,0,
201909,S08000020,3113,,291,,108,,77,,93,,13,
201909,S08000022,1320,,171,,88,,42,,41,,0,
201909,S08000024,4633,,396,,172,,134,,69,,21,
201909,S08000025,329,,16,,5,,4,,7,,0,
201909,S08000026,169,,34,,6,,3,,25,,0,
201909,S08000028,99,,16,,4,,6,,4,,2,
201909,S08000029,1442,,104,,25,,47,,32,,0,
201909,S08000030,1992,,139,,58,,45,,32,,4,
201909,S08000031,6482,,521,,172,,248,,80,,21,
201909,S08000032,2119,,219,,76,,77,,50,,16,
201909,SB0801,1572,,78,,25,,34,,19,,0,
201910,S08000015,1785,,209,,68,,84,,46,,11,
201910,S08000016,451,,36,,20,,8,,8,,0,
201910,S08000017,1639,,144,,38,,65,,34,,7,
201910,S08000019,1099,,86,,33,,35,,18,,0,
201910,S08000020,3092,,244,,103,,67,,66,,8,
201910,S08000022,1311,,137,,71,,41,,25,,0,
201910,S08000024,5413,,480,,242,,157,,64,,17,
201910,S08000025,276,,15,,9,,1,,5,,0,
201910,S08000026,178,,15,,10,,5,,0,,0,
201910,S08000028,112,,7,,3,,3,,1,,0,
201910,S08000029,1375,,108,,35,,28,,45,,0,
201910,S08000030,1712,,109,,37,,40,,23,,9,
201910,S08000031,6707,,561,,217,,238,,82,,24,
201910,S08000032,2253,,242,,112,,77,,44,,9,
201910,SB0801,1734,,88,,33,,32,,23,,0,
201911,S08000015,1770,,213,,67,,88,,50,,8,
201911,S08000016,448,,45,,11,,24,,9,,1,
201911,S08000017,1621,,125,,36,,45,,36,,8,
201911,S08000019,1015,,95,,43,,35,,17,,0,
201911,S08000020,3259,,273,,89,,91,,60,,33,
201911,S08000022,1269,,171,,56,,43,,72,,0,
201911,S08000024,5195,,597,,191,,176,,220,,10,
201911,S08000025,318,,16,,11,,2,,3,,0,
201911,S08000026,198,,12,,5,,6,,1,,0,
201911,S08000028,113,,7,,1,,3,,3,,0,
201911,S08000029,1559,,127,,29,,71,,27,,0,
201911,S08000030,1892,,112,,39,,42,,22,,9,
201911,S08000031,6768,,578,,209,,237,,118,,14,
201911,S08000032,2477,,246,,99,,89,,50,,8,
201911,SB0801,1864,,89,,17,,36,,36,,0,
201912,S08000015,1641,,277,,57,,95,,117,,8,
201912,S08000016,393,,49,,15,,16,,18,,0,
201912,S08000017,1395,,105,,35,,50,,17,,3,
201912,S08000019,848,,91,,25,,38,,28,,0,
201912,S08000020,2669,,275,,86,,72,,97,,20,
201912,S08000022,1104,,178,,58,,44,,76,,0,
201912,S08000024,4759,,500,,220,,134,,133,,13,
201912,S08000025,299,,16,,11,,2,,3,,0,
201912,S08000026,119,,6,,5,,1,,0,,0,
201912,S08000028,98,,15,,3,,6,,3,,3,
201912,S08000029,1287,,101,,42,,44,,15,,0,
201912,S08000030,1783,,115,,41,,41,,26,,7,
201912,S08000031,5797,,578,,198,,239,,122,,19,
201912,S08000032,1892,,222,,89,,64,,60,,9,
201912,SB0801,1707,,89,,40,,35,,14,,0,
202001,S08000015,1704,,261,,60,,72,,118,,11,
202001,S08000016,403,,20,,12,,4,,4,,0,
202001,S08000017,1544,,112,,31,,54,,26,,1,
202001,S08000019,1086,,90,,37,,40,,13,,0,
202001,S08000020,3311,,272,,82,,79,,90,,21,
202001,S08000022,1202,,191,,47,,37,,106,,1,
202001,S08000024,4477,,473,,222,,151,,84,,16,
202001,S08000025,302,,22,,10,,5,,7,,0,
202001,S08000026,195,,9,,4,,3,,1,,1,
202001,S08000028,109,,11,,2,,7,,1,,1,
202001,S08000029,1394,,117,,24,,56,,37,,0,
202001,S08000030,2204,,140,,52,,42,,31,,15,
202001,S08000031,6673,,658,,223,,249,,126,,60,
202001,S08000032,2365,,273,,121,,75,,68,,9,
202001,SB0801,1894,,101,,32,,41,,28,,0,
202002,S08000015,1653,,204,,63,,82,,53,,6,
202002,S08000016,407,,33,,7,,21,,5,,0,
202002,S08000017,1498,,125,,28,,59,,31,,7,
202002,S08000019,1082,,75,,25,,40,,10,,0,
202002,S08000020,3158,,247,,78,,70,,80,,19,
202002,S08000022,1170,,132,,39,,48,,44,,1,
202002,S08000024,4078,,491,,211,,141,,130,,9,
202002,S08000025,306,,17,,13,,2,,2,,0,
202002,S08000026,190,,19,,8,,11,,0,,0,
202002,S08000028,99,,9,,0,,7,,2,,0,
202002,S08000029,1407,,108,,35,,43,,28,,2,
202002,S08000030,2020,,126,,40,,41,,35,,10,
202002,S08000031,6699,,511,,180,,236,,66,,29,
202002,S08000032,2159,,268,,139,,81,,39,,9,
202002,SB0801,1719,,116,,33,,44,,39,,0,
202003,S08000015,1229,,262,,42,,135,,63,,22,
202003,S08000016,262,,55,,11,,3,,41,,0,
202003,S08000017,1100,,115,,30,,44,,28,,13,
202003,S08000019,855,,126,,43,,57,,26,,0,
202003,S08000020,2455,,327,,108,,82,,124,,13,
202003,S08000022,749,,255,,28,,22,,205,,0,
202003,S08000024,3429,,729,,208,,129,,388,,4,
202003,S08000025,298,,50,,8,,1,,37,,4,
202003,S08000026,102,,13,,6,,7,,0,,0,
202003,S08000028,110,,14,,6,,3,,5,,0,
202003,S08000029,1054,,118,,39,,21,,58,,0,
202003,S08000030,1241,,110,,25,,34,,29,,22,
202003,S08000031,4759,,585,,182,,225,,147,,31,
202003,S08000032,1385,,177,,61,,88,,22,,6,
202003,SB0801,1164,,83,,21,,39,,23,,0,
202004,S08000015,168,,27,,2,,19,,6,,0,
202004,S08000016,40,,5,,0,,0,,5,,0,
202004,S08000017,187,,8,,3,,5,,0,,0,
202004,S08000019,147,,32,,8,,24,,0,,0,
202004,S08000020,450,,58,,15,,18,,17,,8,
202004,S08000022,107,,1,,0,,0,,1,,0,
202004,S08000024,1116,,178,,61,,45,,59,,13,
202004,S08000025,73,,4,,0,,0,,4,,0,
202004,S08000026,4,,0,,0,,0,,0,,0,
202004,S08000028,6,,1,,0,,1,,0,,0,
202004,S08000029,196,,17,,5,,4,,8,,0,
202004,S08000030,258,,24,,7,,7,,10,,0,
202004,S08000031,393,,44,,5,,27,,12,,0,
202004,S08000032,136,,34,,4,,17,,0,,13,
202004,SB0801,125,,25,,3,,3,,19,,0,
202005,S08000015,152,,14,,2,,7,,5,,0,
202005,S08000016,56,,4,,0,,4,,0,,0,
202005,S08000017,298,,17,,6,,10,,0,,1,
202005,S08000019,143,,5,,0,,5,,0,,0,
202005,S08000020,751,,80,,21,,40,,13,,6,
202005,S08000022,168,,5,,1,,3,,1,,0,
202005,S08000024,1154,,117,,38,,56,,19,,4,
202005,S08000025,124,,5,,0,,0,,5,,0,
202005,S08000026,14,,0,,0,,0,,0,,0,
202005,S08000028,6,,0,,0,,0,,0,,0,
202005,S08000029,158,,5,,0,,4,,1,,0,
202005,S08000030,247,,10,,6,,4,,0,,0,
202005,S08000031,502,,27,,3,,18,,6,,0,
202005,S08000032,143,,12,,3,,5,,0,,4,
202005,SB0801,204,,10,,2,,5,,3,,0,
202006,S08000015,356,,15,,5,,8,,1,,1,
202006,S08000016,57,,1,,0,,1,,0,,0,
202006,S08000017,652,,41,,15,,23,,2,,1,
202006,S08000019,309,,34,,6,,24,,4,,0,
202006,S08000020,1029,,85,,31,,27,,19,,8,
202006,S08000022,365,,22,,8,,12,,2,,0,
202006,S08000024,1597,,118,,31,,66,,14,,7,
202006,S08000025,183,,5,,2,,0,,3,,0,
202006,S08000026,69,,1,,0,,1,,0,,0,
202006,S08000028,12,,2,,0,,1,,1,,0,
202006,S08000029,260,,21,,2,,16,,3,,0,
202006,S08000030,406,,13,,3,,7,,0,,3,
202006,S08000031,1076,,58,,6,,38,,14,,0,
202006,S08000032,231,,28,,1,,9,,5,,13,
202006,SB0801,382,,21,,4,,9,,8,,0,
202007,S08000015,662,,60,,15,,41,,3,,1,
202007,S08000016,83,,4,,1,,3,,0,,0,
202007,S08000017,833,,51,,11,,27,,11,,2,
202007,S08000019,487,,24,,8,,14,,2,,0,
202007,S08000020,1168,,102,,27,,37,,31,,7,
202007,S08000022,700,,72,,28,,29,,15,,0,
202007,S08000024,2179,,127,,45,,59,,20,,3,
202007,S08000025,281,,9,,2,,1,,6,,0,
202007,S08000026,93,,1,,1,,0,,0,,0,
202007,S08000028,42,,4,,0,,3,,1,,0,
202007,S08000029,706,,43,,5,,26,,11,,1,
202007,S08000030,846,,32,,11,,11,,8,,2,
202007,S08000031,2008,,97,,16,,59,,22,,0,
202007,S08000032,370,,30,,6,,13,,1,,10,
202007,SB0801,766,,43,,9,,22,,12,,0,
202008,S08000015,875,,53,,9,,33,,11,,0,
202008,S08000016,77,,5,,3,,0,,2,,0,
202008,S08000017,904,,51,,12,,31,,7,,1,
202008,S08000019,483,,35,,6,,27,,2,,0,
202008,S08000020,1261,,143,,36,,44,,41,,22,
202008,S08000022,704,,45,,12,,25,,8,,0,
202008,S08000024,2478,,219,,97,,93,,19,,10,
202008,S08000025,279,,10,,4,,3,,3,,0,
202008,S08000026,98,,2,,0,,2,,0,,0,
202008,S08000028,50,,2,,0,,1,,1,,0,
202008,S08000029,854,,39,,10,,23,,6,,0,
202008,S08000030,1185,,67,,20,,30,,16,,1,
202008,S08000031,3014,,221,,61,,112,,27,,21,
202008,S08000032,830,,47,,15,,21,,3,,8,
202008,SB0801,739,,48,,13,,23,,12,,0,
202009,S08000015,902,,69,,12,,47,,9,,1,
202009,S08000016,133,,7,,0,,0,,7,,0,
202009,S08000017,1122,,62,,13,,41,,5,,3,
202009,S08000019,591,,41,,9,,25,,7,,0,
202009,S08000020,1451,,107,,26,,40,,24,,17,
202009,S08000022,879,,106,,37,,42,,27,,0,
202009,S08000024,2934,,236,,90,,92,,34,,20,
202009,S08000025,228,,8,,2,,1,,5,,0,
202009,S08000026,105,,3,,0,,3,,0,,0,
202009,S08000028,89,,2,,1,,1,,0,,0,
202009,S08000029,1132,,57,,16,,33,,8,,0,
202009,S08000030,1447,,52,,19,,16,,16,,1,
202009,S08000031,4054,,250,,55,,143,,49,,3,
202009,S08000032,1074,,84,,36,,35,,3,,10,
202009,SB0801,915,,36,,10,,21,,5,,0,
202010,S08000015,880,,86,,19,,47,,20,,0,
202010,S08000016,159,,10,,4,,5,,1,,0,
202010,S08000017,1144,,95,,18,,52,,19,,6,
202010,S08000019,567,,46,,11,,27,,8,,0,
202010,S08000020,1752,,145,,35,,52,,52,,6,
202010,S08000022,847,,66,,21,,32,,13,,0,
202010,S08000024,3150,,300,,91,,104,,82,,23,
202010,S08000025,239,,14,,4,,4,,6,,0,
202010,S08000026,109,,2,,0,,1,,1,,0,
202010,S08000028,92,,7,,1,,4,,2,,0,
202010,S08000029,1117,,53,,11,,35,,7,,0,
202010,S08000030,1475,,76,,16,,36,,21,,3,
202010,S08000031,4343,,313,,76,,152,,75,,10,
202010,S08000032,1231,,107,,25,,44,,34,,4,
202010,SB0801,1037,,50,,9,,16,,25,,0,
202011,S08000015,726,,59,,15,,30,,12,,2,
202011,S08000016,165,,5,,2,,2,,1,,0,
202011,S08000017,1345,,95,,15,,57,,20,,3,
202011,S08000019,590,,39,,9,,29,,1,,0,
202011,S08000020,2141,,166,,50,,35,,66,,15,
202011,S08000022,792,,68,,8,,31,,29,,0,
202011,S08000024,3244,,286,,118,,119,,32,,17,
202011,S08000025,239,,16,,6,,4,,6,,0,
202011,S08000026,142,,8,,3,,5,,0,,0,
202011,S08000028,92,,4,,3,,1,,0,,0,
202011,S08000029,1086,,62,,13,,30,,18,,1,
202011,S08000030,1304,,52,,21,,17,,9,,5,
202011,S08000031,4139,,334,,80,,131,,116,,7,
202011,S08000032,863,,95,,21,,45,,12,,17,
202011,SB0801,1048,,43,,17,,16,,10,,0,
202012,S08000015,649,,52,,7,,33,,11,,1,
202012,S08000016,144,,15,,2,,1,,12,,0,
202012,S08000017,1247,,84,,16,,55,,12,,1,
202012,S08000019,523,,25,,5,,20,,0,,0,
202012,S08000020,2050,,219,,56,,60,,92,,11,
202012,S08000022,767,,140,,30,,24,,85,,1,
202012,S08000024,2827,,222,,98,,79,,37,,8,
202012,S08000025,232,,15,,4,,0,,11,,0,
202012,S08000026,117,,4,,0,,3,,1,,0,
202012,S08000028,84,,3,,0,,2,,0,,1,
202012,S08000029,891,,55,,14,,21,,18,,2,
202012,S08000030,1122,,46,,12,,26,,7,,1,
202012,S08000031,3725,,254,,44,,131,,73,,6,
202012,S08000032,938,,66,,17,,26,,9,,14,
202012,SB0801,1424,,57,,14,,30,,13,,0,
202101,S08000015,285,,12,,1,,7,,4,,0,
202101,S08000016,46,,5,,3,,0,,2,,0,
202101,S08000017,626,,33,,14,,16,,2,,1,
202101,S08000019,492,,47,,12,,23,,12,,0,
202101,S08000020,1280,,126,,35,,34,,50,,7,
202101,S08000022,464,,46,,20,,19,,6,,1,
202101,S08000024,2731,,307,,94,,91,,102,,20,
202101,S08000025,202,,16,,9,,4,,3,,0,
202101,S08000026,108,,3,,0,,2,,0,,1,
202101,S08000028,72,,4,,0,,3,,1,,0,
202101,S08000029,197,,11,,2,,6,,3,,0,
202101,S08000030,870,,54,,18,,17,,13,,6,
202101,S08000031,2385,,200,,44,,79,,69,,8,
202101,S08000032,639,,52,,17,,9,,5,,21,
202101,SB0801,1433,,52,,18,,27,,7,,0,
202102,S08000015,252,,14,,3,,8,,0,,3,
202102,S08000016,74,,6,,0,,0,,6,,0,
202102,S08000017,736,,51,,13,,35,,2,,1,
202102,S08000019,226,,17,,6,,11,,0,,0,
202102,S08000020,1454,,117,,43,,33,,33,,8,
202102,S08000022,434,,66,,16,,17,,32,,1,
202102,S08000024,2944,,253,,106,,94,,39,,14,
202102,S08000025,246,,23,,10,,5,,8,,0,
202102,S08000026,135,,5,,3,,2,,0,,0,
202102,S08000028,28,,1,,1,,0,,0,,0,
202102,S08000029,672,,46,,7,,15,,8,,16,
202102,S08000030,872,,50,,29,,10,,4,,7,
202102,S08000031,2157,,122,,33,,50,,38,,1,
202102,S08000032,563,,40,,12,,19,,5,,4,
202102,SB0801,1541,,59,,17,,30,,12,,0,
202103,S08000015,386,,29,,4,,21,,3,,1,
202103,S08000016,148,,8,,5,,1,,2,,0,
202103,S08000017,1264,,75,,20,,31,,24,,0,
202103,S08000019,755,,48,,14,,33,,1,,0,
202103,S08000020,1917,,171,,44,,59,,58,,10,
202103,S08000022,597,,51,,9,,23,,19,,0,
202103,S08000024,3450,,246,,96,,96,,45,,9,
202103,S08000025,263,,12,,2,,6,,4,,0,
202103,S08000026,206,,6,,1,,5,,0,,0,
202103,S08000028,69,,14,,1,,3,,9,,1,
202103,S08000029,1048,,44,,9,,25,,8,,2,
202103,S08000030,996,,38,,9,,16,,1,,12,
202103,S08000031,3724,,195,,41,,90,,64,,0,
202103,S08000032,1064,,73,,22,,32,,15,,4,
202103,SB0801,1868,,101,,21,,50,,30,,0,
202104,S08000015,677,,47,,12,,25,,8,,2,
202104,S08000016,143,,5,,1,,2,,2,,0,
202104,S08000017,1293,,81,,24,,39,,15,,3,
202104,S08000019,805,,41,,9,,31,,1,,0,
202104,S08000020,2115,,173,,43,,70,,43,,17,
202104,S08000022,625,,33,,16,,13,,3,,1,
202104,S08000024,3184,,220,,87,,83,,37,,13,
202104,S08000025,230,,13,,4,,2,,7,,0,
202104,S08000026,151,,11,,3,,1,,7,,0,
202104,S08000028,113,,3,,2,,1,,0,,0,
202104,S08000029,1021,,56,,8,,22,,18,,8,
202104,S08000030,1297,,62,,19,,20,,20,,3,
202104,S08000031,4091,,234,,44,,143,,46,,1,
202104,S08000032,1309,,97,,41,,36,,16,,4,
202104,SB0801,1576,,65,,6,,30,,29,,0,
202105,S08000015,1018,,71,,13,,41,,17,,0,
202105,S08000016,168,,5,,1,,2,,2,,0,
202105,S08000017,1400,,71,,10,,46,,13,,2,
202105,S08000019,793,,62,,24,,35,,3,,0,
202105,S08000020,2160,,166,,34,,70,,54,,8,
202105,S08000022,732,,46,,17,,22,,7,,0,
202105,S08000024,3161,,260,,111,,87,,52,,10,
202105,S08000025,232,,9,,2,,3,,4,,0,
202105,S08000026,185,,2,,1,,1,,0,,0,
202105,S08000028,85,,5,,0,,3,,0,,2,
202105,S08000029,1191,,49,,9,,26,,14,,0,
202105,S08000030,1343,,57,,15,,23,,15,,4,
202105,S08000031,4407,,259,,53,,130,,63,,13,
202105,S08000032,1525,,140,,61,,64,,13,,2,
202105,SB0801,1681,,67,,16,,34,,17,,0,
202106,S08000015,1191,,111,,17,,76,,17,,1,
202106,S08000016,215,,15,,0,,1,,14,,0,
202106,S08000017,1455,,98,,20,,58,,15,,5,
202106,S08000019,828,,60,,13,,10,,8,,29,
202106,S08000020,1978,,188,,40,,56,,79,,13,
202106,S08000022,930,,83,,34,,33,,16,,0,
202106,S08000024,3625,,355,,186,,95,,67,,7,
202106,S08000025,274,,16,,6,,2,,8,,0,
202106,S08000026,148,,8,,3,,5,,0,,0,
202106,S08000028,98,,6,,2,,4,,0,,0,
202106,S08000029,1225,,70,,11,,33,,26,,0,
202106,S08000030,1491,,75,,21,,14,,34,,6,
202106,S08000031,5119,,330,,70,,163,,86,,11,
202106,S08000032,1634,,135,,47,,58,,20,,10,
202106,SB0801,1803,,93,,32,,34,,27,,0,
202107,S08000015,953,,94,,20,,54,,20,,0,
202107,S08000016,217,,23,,2,,4,,17,,0,
202107,S08000017,1274,,89,,19,,45,,16,,9,
202107,S08000019,632,,46,,16,,10,,7,,13,
202107,S08000020,1813,,153,,34,,44,,69,,6,
202107,S08000022,833,,178,,25,,28,,125,,0,
202107,S08000024,3039,,314,,107,,83,,96,,28,
202107,S08000025,275,,19,,2,,1,,16,,0,
202107,S08000026,118,,10,,5,,1,,4,,0,
202107,S08000028,107,,8,,1,,4,,2,,1,
202107,S08000029,1129,,73,,16,,37,,20,,0,
202107,S08000030,1197,,61,,12,,21,,27,,1,
202107,S08000031,4238,,291,,66,,108,,89,,28,
202107,S08000032,1343,,134,,41,,50,,31,,12,
202107,SB0801,2072,,116,,36,,37,,43,,0,
202108,S08000015,910,,74,,13,,47,,13,,1,
202108,S08000016,152,,37,,2,,1,,34,,0,
202108,S08000017,1348,,112,,29,,61,,18,,4,
202108,S08000019,805,,55,,19,,10,,7,,19,
202108,S08000020,1849,,159,,33,,67,,56,,3,
202108,S08000022,860,,115,,30,,26,,59,,0,
202108,S08000024,3274,,341,,138,,82,,92,,29,
202108,S08000025,289,,16,,5,,5,,6,,0,
202108,S08000026,122,,7,,2,,5,,0,,0,
202108,S08000028,98,,2,,1,,1,,0,,0,
202108,S08000029,1058,,53,,9,,25,,19,,0,
202108,S08000030,1334,,81,,20,,31,,27,,3,
202108,S08000031,4451,,319,,78,,150,,73,,18,
202108,S08000032,1641,,144,,56,,64,,19,,5,
202108,SB0801,2340,,199,,70,,56,,73,,0,
202109,S08000015,748,,73,,15,,42,,16,,0,
202109,S08000016,101,,7,,2,,1,,4,,0,
202109,S08000017,1289,,110,,20,,55,,32,,3,
202109,S08000019,820,,127,,16,,8,,72,,31,
202109,S08000020,1987,,227,,41,,91,,78,,17,
202109,S08000022,619,,69,,8,,19,,42,,0,
202109,S08000024,2979,,348,,127,,91,,101,,29,
202109,S08000025,249,,15,,4,,1,,10,,0,
202109,S08000026,137,,7,,1,,6,,0,,0,
202109,S08000028,70,,6,,0,,4,,1,,1,
202109,S08000029,1089,,68,,18,,29,,20,,1,
202109,S08000030,1511,,84,,27,,38,,16,,3,
202109,S08000031,2404,,192,,51,,62,,73,,6,
202109,S08000032,922,,86,,37,,26,,16,,7,
202109,SB0801,2225,,125,,51,,48,,26,,0,
202110,S08000015,788,,54,,15,,33,,5,,1,
202110,S08000016,125,,18,,3,,1,,14,,0,
202110,S08000017,1199,,111,,33,,55,,22,,1,
202110,S08000019,719,,58,,19,,23,,7,,9,
202110,S08000020,1781,,187,,38,,70,,64,,15,
202110,S08000022,587,,74,,14,,21,,39,,0,
202110,S08000024,2872,,317,,124,,90,,91,,12,
202110,S08000025,275,,24,,6,,1,,17,,0,
202110,S08000026,159,,8,,3,,4,,1,,0,
202110,S08000028,116,,11,,2,,6,,2,,1,
202110,S08000029,946,,70,,11,,21,,38,,0,
202110,S08000030,1281,,64,,16,,29,,15,,4,
202110,S08000031,2719,,176,,42,,76,,57,,1,
202110,S08000032,993,,76,,36,,28,,10,,2,
202110,SB0801,2144,,137,,52,,60,,25,,0,
202111,S08000015,1064,,120,,19,,68,,32,,1,
202111,S08000016,188,,19,,4,,6,,9,,0,
202111,S08000017,1238,,115,,23,,52,,36,,4,
202111,S08000019,997,,83,,36,,31,,3,,13,
202111,S08000020,2070,,202,,59,,73,,58,,12,
202111,S08000022,846,,97,,24,,25,,48,,0,
202111,S08000024,3075,,251,,121,,69,,50,,11,
202111,S08000025,312,,25,,8,,4,,13,,0,
202111,S08000026,178,,6,,2,,2,,2,,0,
202111,S08000028,132,,5,,2,,3,,0,,0,
202111,S08000029,1207,,75,,14,,35,,26,,0,
202111,S08000030,1603,,83,,24,,32,,25,,2,
202111,S08000031,4076,,250,,56,,126,,53,,15,
202111,S08000032,1248,,140,,64,,54,,19,,3,
202111,SB0801,2353,,134,,67,,44,,23,,0,
202112,S08000015,875,,99,,16,,52,,30,,1,
202112,S08000016,184,,10,,2,,6,,2,,0,
202112,S08000017,1105,,99,,15,,51,,27,,6,
202112,S08000019,838,,65,,15,,15,,16,,19,
202112,S08000020,1766,,176,,31,,66,,73,,6,
202112,S08000022,679,,66,,21,,23,,22,,0,
202112,S08000024,2761,,258,,120,,79,,45,,14,
202112,S08000025,282,,27,,9,,11,,7,,0,
202112,S08000026,103,,6,,4,,2,,0,,0,
202112,S08000028,50,,6,,0,,2,,0,,4,
202112,S08000029,889,,52,,10,,21,,21,,0,
202112,S08000030,1211,,62,,16,,24,,15,,7,
202112,S08000031,3975,,332,,75,,144,,104,,9,
202112,S08000032,1059,,101,,61,,24,,14,,2,
202112,SB0801,2059,,103,,48,,37,,18,,0,
202201,S08000015,528,,60,,14,,35,,10,,1,
202201,S08000016,81,,26,,1,,0,,22,,3,
202201,S08000017,1255,,135,,35,,77,,20,,3,
202201,S08000019,409,,37,,20,,6,,4,,7,
202201,S08000020,1770,,160,,36,,65,,43,,16,
202201,S08000022,636,,62,,18,,20,,24,,0,
202201,S08000024,2782,,260,,105,,81,,51,,23,
202201,S08000025,202,,16,,9,,3,,4,,0,
202201,S08000026,283,,12,,5,,4,,3,,0,
202201,S08000028,37,,1,,0,,1,,0,,0,
202201,S08000029,791,,58,,10,,22,,26,,0,
202201,S08000030,1236,,78,,9,,32,,22,,15,
202201,S08000031,3010,,239,,58,,69,,98,,14,
202201,S08000032,1053,,150,,84,,45,,20,,1,
202201,SB0801,1971,,134,,67,,51,,16,,0,
202202,S08000015,952,,106,,18,,45,,40,,3,
202202,S08000016,256,,41,,5,,1,,35,,0,
202202,S08000017,1164,,105,,27,,56,,19,,3,
202202,S08000019,685,,51,,27,,11,,7,,6,
202202,S08000020,1741,,159,,48,,57,,41,,13,
202202,S08000022,760,,97,,28,,33,,34,,2,
202202,S08000024,2934,,276,,130,,78,,45,,23,
202202,S08000025,303,,24,,11,,5,,7,,1,
202202,S08000026,195,,13,,4,,9,,0,,0,
202202,S08000028,95,,7,,1,,4,,2,,0,
202202,S08000029,1059,,60,,11,,25,,24,,0,
202202,S08000030,1379,,90,,26,,42,,12,,10,
202202,S08000031,3746,,285,,73,,99,,95,,18,
202202,S08000032,1201,,115,,70,,33,,7,,5,
202202,SB0801,2332,,153,,77,,56,,20,,0,
202203,S08000015,1122,,134,,30,,77,,23,,4,
202203,S08000016,424,,26,,9,,5,,11,,1,
202203,S08000017,1404,,139,,29,,79,,24,,7,
202203,S08000019,966,,102,,49,,27,,19,,7,
202203,S08000020,2144,,189,,55,,67,,55,,12,
202203,S08000022,724,,160,,29,,35,,96,,0,
202203,S08000024,3464,,349,,166,,114,,55,,14,
202203,S08000025,323,,39,,14,,4,,21,,0,
202203,S08000026,244,,14,,1,,9,,3,,1,
202203,S08000028,115,,4,,0,,2,,2,,0,
202203,S08000029,1261,,82,,23,,34,,25,,0,
202203,S08000030,1765,,109,,29,,64,,13,,3,
202203,S08000031,4068,,395,,100,,132,,143,,20,
202203,S08000032,1593,,216,,125,,49,,38,,4,
202203,SB0801,2383,,151,,80,,46,,25,,0,
202204,S08000015,987,,103,,25,,63,,13,,2,
202204,S08000016,153,,27,,1,,3,,23,,0,
202204,S08000017,1234,,103,,20,,57,,20,,6,
202204,S08000019,856,,94,,55,,24,,4,,11,
202204,S08000020,1921,,193,,64,,64,,50,,15,
202204,S08000022,678,,124,,24,,38,,62,,0,
202204,S08000024,2982,,304,,111,,76,,90,,27,
202204,S08000025,308,,19,,10,,4,,5,,0,
202204,S08000026,153,,7,,5,,1,,0,,1,
202204,S08000028,53,,6,,0,,2,,4,,0,
202204,S08000029,900,,66,,20,,25,,21,,0,
202204,S08000030,1418,,72,,20,,38,,9,,5,
202204,S08000031,3139,,280,,82,,91,,106,,1,
202204,S08000032,1440,,181,,112,,42,,22,,5,
202204,SB0801,2170,,133,,67,,39,,27,,0,
