DiagnosticTestType,MonthEnding,HB,NumberOnListQF,HBName,Date,0-7 days,8-14 days,15-21days,22-28 days,29-35 days,36-42 days,43-49 days,50-56 days,57-63 days,64-70 days,71-77 days,78-84 days,85-91 days,92-182 days,183-273 days,274-364 days,92 days and over,365 days and over,Total,Within 6 weeks,Over 6 weeks,% on target,% not on target
Endoscopy,20190331,S92000003,,Scotland,2019-03-31,1451,1634,1175,900,653,578,398,385,333,307,275,224,103,0,0,0,1481,0,9897,6391,3506,64.6,35.4
Endoscopy,20190430,S92000003,,Scotland,2019-04-30,1767,1204,1153,884,792,544,473,422,362,361,281,218,205,0,0,0,1139,0,9805,6344,3461,64.7,35.3
Endoscopy,20190531,S92000003,,Scotland,2019-05-31,1548,1556,1199,822,765,423,408,300,334,311,310,257,224,0,0,0,1105,0,9562,6313,3249,66,34
Endoscopy,20190630,S92000003,,Scotland,2019-06-30,1500,1498,1078,834,677,533,429,356,331,214,225,207,162,0,0,0,1210,0,9254,6120,3134,66.1,33.9
Endoscopy,20190731,S92000003,,Scotland,2019-07-31,1595,1368,1004,744,633,593,392,330,300,244,235,180,157,0,0,0,1035,0,8810,5937,2873,67.4,32.6
Endoscopy,20190831,S92000003,,Scotland,2019-08-31,1637,1514,976,785,597,463,391,360,285,273,215,197,163,0,0,0,983,0,8839,5972,2867,67.6,32.4
Endoscopy,20190930,S92000003,,Scotland,2019-09-30,1678,1532,1102,816,680,452,301,279,253,212,192,188,130,0,0,0,830,0,8645,6260,2385,72.4,27.6
Endoscopy,20191031,S92000003,,Scotland,2019-10-31,1957,1410,960,843,576,448,292,256,273,197,182,139,165,0,0,0,1010,0,8708,6194,2514,71.1,28.9
Endoscopy,20191130,S92000003,,Scotland,2019-11-30,1653,1652,1070,732,626,361,240,276,236,184,183,153,153,0,0,0,1045,0,8564,6094,2470,71.2,28.8
Endoscopy,20191231,S92000003,,Scotland,2019-12-31,1144,1674,1191,876,663,485,322,306,194,147,133,146,148,0,0,0,1239,0,8668,6033,2635,69.6,30.4
Endoscopy,20200131,S92000003,,Scotland,2020-01-31,1943,1605,1092,666,303,273,389,337,255,243,158,161,142,0,0,0,1084,0,8651,5882,2769,68,32
Endoscopy,20200229,S92000003,,Scotland,2020-02-29,1703,1547,983,805,628,523,310,226,92,84,208,175,152,0,0,0,947,0,8383,6189,2194,73.8,26.2
Endoscopy,20200331,S92000003,,Scotland,2020-03-31,837,1129,1349,1147,834,604,495,374,267,244,214,178,60,0,0,0,1034,0,8766,5900,2866,67.3,32.7
Endoscopy,20200430,S92000003,,Scotland,2020-04-30,365,286,256,390,546,862,1243,1211,897,704,515,381,307,0,0,0,1827,0,9790,2705,7085,27.6,72.4
Endoscopy,20200531,S92000003,,Scotland,2020-05-31,390,412,288,222,273,236,206,265,414,625,1039,1152,915,0,0,0,3889,0,10326,1821,8505,17.6,82.4
Endoscopy,20200630,S92000003,,Scotland,2020-06-30,662,468,355,347,352,300,237,238,202,218,194,194,334,0,0,0,7009,0,11110,2484,8626,22.4,77.6
Endoscopy,20200731,S92000003,,Scotland,2020-07-31,640,589,518,402,366,307,260,247,278,230,251,188,169,0,0,0,6934,0,11379,2822,8557,24.8,75.2
Endoscopy,20200831,S92000003,,Scotland,2020-08-31,915,695,502,426,388,321,299,275,288,248,226,220,243,0,0,0,6751,0,11797,3247,8550,27.5,72.5
Endoscopy,20200930,S92000003,,Scotland,2020-09-30,754,745,644,528,433,329,300,214,224,252,218,232,222,1986,3538,617,0,104,11340,3433,7907,30.3,69.7
Endoscopy,20201031,S92000003,,Scotland,2020-10-31,868,611,483,393,337,273,303,271,281,250,240,173,175,1880,2739,874,0,124,10275,2965,7310,28.9,71.1
Endoscopy,20201130,S92000003,,Scotland,2020-11-30,1228,861,523,369,260,242,208,221,208,170,230,207,230,1819,1597,1399,0,155,9927,3483,6444,35.1,64.9
Endoscopy,20201231,S92000003,,Scotland,2020-12-31,650,997,916,615,425,327,257,242,192,156,179,170,192,1837,1085,1741,0,297,10278,3930,6348,38.2,61.8
Endoscopy,20210131,S92000003,,Scotland,2021-01-31,1096,955,690,373,190,282,360,276,298,232,205,189,172,1815,1111,1448,0,560,10252,3586,6666,35,65
Endoscopy,20210228,S92000003,,Scotland,2021-02-28,1162,1119,834,528,375,319,304,185,101,180,260,221,223,1768,1140,1081,0,910,10710,4337,6373,40.5,59.5
Endoscopy,20210331,S92000003,,Scotland,2021-03-31,1329,1138,1023,686,488,391,322,280,207,212,219,213,91,1728,1233,705,0,1332,11597,5055,6542,43.6,56.4
Endoscopy,20210430,S92000003,,Scotland,2021-04-30,1519,1291,950,457,558,505,451,337,261,228,230,210,159,1718,1299,799,0,1292,12264,5280,6984,43.1,56.9
Endoscopy,20210531,S92000003,,Scotland,2021-05-31,1447,1288,1110,681,647,534,388,280,263,271,278,225,201,1713,1303,940,0,1212,12781,5707,7074,44.7,55.3
Endoscopy,20210630,S92000003,,Scotland,2021-06-30,1353,1209,988,839,531,529,521,463,279,330,233,198,168,1876,1226,942,0,1180,12865,5449,7416,42.4,57.6
Endoscopy,20210731,S92000003,,Scotland,2021-07-31,1175,1106,1015,704,599,496,492,466,373,356,310,293,199,2062,1170,1021,0,1262,13099,5095,8004,38.9,61.1
Endoscopy,20210831,S92000003,,Scotland,2021-08-31,1382,1163,855,739,532,424,419,342,345,321,343,316,275,2217,1156,1051,0,1416,13296,5095,8201,38.3,61.7
Endoscopy,20210930,S92000003,,Scotland,2021-09-30,1295,1017,948,696,585,467,349,378,315,303,269,255,234,2276,1361,1017,0,1600,13365,5008,8357,37.5,62.5
Endoscopy,20211031,S92000003,,Scotland,2021-10-31,1223,1172,1019,825,599,492,381,314,368,312,257,264,230,2221,1400,918,0,1724,13719,5330,8389,38.9,61.1
Endoscopy,20211130,S92000003,,Scotland,2021-11-30,1478,1296,888,764,552,534,356,368,390,244,250,239,239,2126,1291,833,0,1757,13605,5512,8093,40.5,59.5
Endoscopy,20211231,S92000003,,Scotland,2021-12-31,710,1220,1084,752,734,536,459,437,342,287,328,292,254,1994,1441,927,0,1878,13675,5036,8639,36.8,63.2
Endoscopy,20220131,S92000003,,Scotland,2022-01-31,1538,1127,840,435,260,476,489,418,410,394,369,276,225,2087,1458,939,0,2016,13757,4676,9081,34,66
Endoscopy,20220228,S92000003,,Scotland,2022-02-28,1450,1118,1103,944,620,428,351,192,129,300,297,258,264,1978,1431,966,0,2109,13938,5663,8275,40.6,59.4
Endoscopy,20220331,S92000003,,Scotland,2022-03-31,1381,1185,986,899,632,496,472,485,345,281,214,170,80,1765,1268,1034,0,2275,13968,5579,8389,39.9,60.1
Endoscopy,20220430,S92000003,,Scotland,2022-04-30,1323,1046,873,818,652,572,484,450,395,371,258,330,264,1554,1369,1038,0,2401,14198,5284,8914,37.2,62.8
Endoscopy,20220531,S92000003,,Scotland,2022-05-31,1517,1261,984,736,555,553,250,436,387,347,359,286,249,1599,1293,1061,0,2391,14264,5606,8658,39.3,60.7
Endoscopy,20220630,S92000003,,Scotland,2022-06-30,1450,1177,1016,687,607,637,488,457,324,382,246,267,250,1856,1188,965,0,2459,14456,5574,8882,38.6,61.4
Endoscopy,20190331,S08000015,,NHS Ayrshire and Arran,2019-03-31,91,125,100,88,58,63,54,61,42,49,53,40,24,0,0,0,128,0,976,525,451,53.8,46.2
Endoscopy,20190331,S08000016,,NHS Borders,2019-03-31,20,28,21,16,5,1,1,0,0,0,0,0,0,0,0,0,0,0,92,91,1,98.9,1.1
Endoscopy,20190331,S08000017,,NHS Dumfries and Galloway,2019-03-31,56,49,42,21,4,0,0,0,0,0,0,0,0,0,0,0,0,0,172,172,0,100,0
Endoscopy,20190331,S08000019,,NHS Forth Valley,2019-03-31,18,17,19,3,10,3,6,1,0,8,2,0,2,0,0,0,0,0,89,70,19,78.7,21.3
Endoscopy,20190331,S08000020,,NHS Grampian,2019-03-31,77,78,82,77,57,71,72,40,36,26,23,27,9,0,0,0,188,0,863,442,421,51.2,48.8
Endoscopy,20190331,S08000022,,NHS Highland,2019-03-31,46,60,35,52,43,18,16,14,2,1,1,3,2,0,0,0,18,0,311,254,57,81.7,18.3
Endoscopy,20190331,S08000024,,NHS Lothian,2019-03-31,129,125,104,86,75,66,50,57,65,75,40,39,19,0,0,0,784,0,1714,585,1129,34.1,65.9
Endoscopy,20190331,S08000025,,NHS Orkney,2019-03-31,6,2,7,3,2,3,3,0,0,0,0,0,0,0,0,0,0,0,26,23,3,88.5,11.5
Endoscopy,20190331,S08000026,,NHS Shetland,2019-03-31,6,2,3,0,0,0,0,0,0,0,0,0,0,0,0,0,0,0,11,11,0,100,0
Endoscopy,20190331,S08000028,,NHS Western Isles,2019-03-31,6,7,7,2,10,3,4,6,6,5,4,2,2,0,0,0,26,0,90,35,55,38.9,61.1
Endoscopy,20190331,S08000029,,NHS Fife,2019-03-31,70,67,50,23,8,8,0,0,0,0,0,0,0,0,0,0,0,0,226,226,0,100,0
Endoscopy,20190331,S08000030,,NHS Tayside,2019-03-31,111,109,47,47,28,33,23,16,4,2,0,0,1,0,0,0,2,0,423,375,48,88.7,11.3
Endoscopy,20190331,S08000031,,NHS Greater Glasgow and Clyde,2019-03-31,432,446,367,302,248,252,169,190,178,141,152,113,44,0,0,0,335,0,3369,2047,1322,60.8,39.2
Endoscopy,20190331,S08000032,,NHS Lanarkshire,2019-03-31,383,519,291,180,105,57,0,0,0,0,0,0,0,0,0,0,0,0,1535,1535,0,100,0
Endoscopy,20190331,SB0801,,The<a0>Golden Jubilee National Hospital,2019-03-31,0,0,0,0,0,0,0,0,0,0,0,0,0,0,0,0,0,0,0,0,0,NA,NA
Endoscopy,20190430,S08000015,,NHS Ayrshire and Arran,2019-04-30,114,67,117,77,94,76,89,63,66,62,49,38,32,0,0,0,107,0,1051,545,506,51.9,48.1
Endoscopy,20190430,S08000016,,NHS Borders,2019-04-30,21,19,9,25,11,13,5,0,0,0,0,1,0,0,0,0,0,0,104,98,6,94.2,5.8
Endoscopy,20190430,S08000017,,NHS Dumfries and Galloway,2019-04-30,61,30,32,16,14,1,0,0,0,0,0,0,0,0,0,0,0,0,154,154,0,100,0
Endoscopy,20190430,S08000019,,NHS Forth Valley,2019-04-30,5,18,20,14,9,13,3,2,3,6,3,2,1,0,0,0,7,0,106,79,27,74.5,25.5
Endoscopy,20190430,S08000020,,NHS Grampian,2019-04-30,116,82,110,94,80,47,47,41,39,34,36,21,25,0,0,0,184,0,956,529,427,55.3,44.7
Endoscopy,20190430,S08000022,,NHS Highland,2019-04-30,76,32,37,21,18,33,12,17,19,4,8,11,3,0,0,0,13,0,304,217,87,71.4,28.6
Endoscopy,20190430,S08000024,,NHS Lothian,2019-04-30,151,91,100,110,115,48,66,54,46,64,42,57,64,0,0,0,631,0,1639,615,1024,37.5,62.5
Endoscopy,20190430,S08000025,,NHS Orkney,2019-04-30,8,4,6,3,1,1,1,1,3,0,0,1,0,0,0,0,0,0,29,23,6,79.3,20.7
Endoscopy,20190430,S08000026,,NHS Shetland,2019-04-30,4,5,3,1,2,0,0,0,0,0,0,0,0,0,0,0,0,0,15,15,0,100,0
Endoscopy,20190430,S08000028,,NHS Western Isles,2019-04-30,15,5,8,4,5,3,2,1,2,1,4,1,2,0,0,0,23,0,76,40,36,52.6,47.4
Endoscopy,20190430,S08000029,,NHS Fife,2019-04-30,80,52,50,28,26,7,1,1,0,1,0,0,0,0,0,0,0,0,246,243,3,98.8,1.2
Endoscopy,20190430,S08000030,,NHS Tayside,2019-04-30,110,84,57,26,47,38,29,24,23,25,22,8,2,0,0,0,1,0,496,362,134,73,27
Endoscopy,20190430,S08000031,,NHS Greater Glasgow and Clyde,2019-04-30,572,254,312,263,257,224,218,217,161,164,117,78,76,0,0,0,173,0,3086,1882,1204,61,39
Endoscopy,20190430,S08000032,,NHS Lanarkshire,2019-04-30,434,461,292,202,113,40,0,1,0,0,0,0,0,0,0,0,0,0,1543,1542,1,99.9,0.1
Endoscopy,20190430,SB0801,,The<a0>Golden Jubilee National Hospital,2019-04-30,0,0,0,0,0,0,0,0,0,0,0,0,0,0,0,0,0,0,0,0,0,NA,NA
Endoscopy,20190531,S08000015,,NHS Ayrshire and Arran,2019-05-31,90,121,102,84,76,53,90,64,51,59,63,24,23,0,0,0,91,0,991,526,465,53.1,46.9
Endoscopy,20190531,S08000016,,NHS Borders,2019-05-31,22,14,19,10,10,10,4,2,3,0,0,0,0,0,0,0,0,0,94,85,9,90.4,9.6
Endoscopy,20190531,S08000017,,NHS Dumfries and Galloway,2019-05-31,56,36,33,8,3,0,0,0,0,0,0,0,0,0,0,0,0,0,136,136,0,100,0
Endoscopy,20190531,S08000019,,NHS Forth Valley,2019-05-31,12,21,22,18,11,1,1,4,3,3,4,1,1,0,0,0,7,0,109,85,24,78,22
Endoscopy,20190531,S08000020,,NHS Grampian,2019-05-31,101,89,95,72,81,53,44,36,38,32,28,32,32,0,0,0,214,0,947,491,456,51.8,48.2
Endoscopy,20190531,S08000022,,NHS Highland,2019-05-31,67,53,25,26,22,17,6,8,12,12,12,16,9,0,0,0,33,0,318,210,108,66,34
Endoscopy,20190531,S08000024,,NHS Lothian,2019-05-31,144,118,131,109,93,44,54,45,67,60,69,84,63,0,0,0,560,0,1641,639,1002,38.9,61.1
Endoscopy,20190531,S08000025,,NHS Orkney,2019-05-31,6,3,14,2,1,0,2,1,1,0,0,0,0,0,0,0,0,0,30,26,4,86.7,13.3
Endoscopy,20190531,S08000026,,NHS Shetland,2019-05-31,4,4,2,0,0,0,0,0,0,0,0,0,0,0,0,0,0,0,10,10,0,100,0
Endoscopy,20190531,S08000028,,NHS Western Isles,2019-05-31,8,3,2,4,2,1,1,3,2,4,1,0,1,0,0,0,12,0,44,20,24,45.5,54.5
Endoscopy,20190531,S08000029,,NHS Fife,2019-05-31,64,79,42,18,26,5,0,2,1,0,0,0,0,0,0,0,0,0,237,234,3,98.7,1.3
Endoscopy,20190531,S08000030,,NHS Tayside,2019-05-31,70,100,73,39,56,42,20,16,15,23,34,20,21,0,0,0,60,0,589,380,209,64.5,35.5
Endoscopy,20190531,S08000031,,NHS Greater Glasgow and Clyde,2019-05-31,524,400,368,273,278,148,185,119,141,118,99,80,74,0,0,0,128,0,2935,1991,944,67.8,32.2
Endoscopy,20190531,S08000032,,NHS Lanarkshire,2019-05-31,380,515,271,159,106,49,1,0,0,0,0,0,0,0,0,0,0,0,1481,1480,1,99.9,0.1
Endoscopy,20190531,SB0801,,The<a0>Golden Jubilee National Hospital,2019-05-31,0,0,0,0,0,0,0,0,0,0,0,0,0,0,0,0,0,0,0,0,0,NA,NA
Endoscopy,20190630,S08000015,,NHS Ayrshire and Arran,2019-06-30,110,115,108,76,65,76,89,65,62,30,48,45,19,0,0,0,106,0,1014,550,464,54.2,45.8
Endoscopy,20190630,S08000016,,NHS Borders,2019-06-30,26,15,19,10,8,8,3,1,0,0,0,0,0,0,0,0,0,0,90,86,4,95.6,4.4
Endoscopy,20190630,S08000017,,NHS Dumfries and Galloway,2019-06-30,55,40,26,12,12,4,0,0,0,0,0,1,0,0,0,0,0,0,150,149,1,99.3,0.7
Endoscopy,20190630,S08000019,,NHS Forth Valley,2019-06-30,15,19,13,12,12,10,4,7,3,0,0,3,2,0,0,0,0,0,100,81,19,81,19
Endoscopy,20190630,S08000020,,NHS Grampian,2019-06-30,66,82,79,63,74,52,53,33,42,37,43,27,32,0,0,0,241,0,924,416,508,45,55
Endoscopy,20190630,S08000022,,NHS Highland,2019-06-30,36,41,42,37,14,15,6,10,17,17,5,10,8,0,0,0,70,0,328,185,143,56.4,43.6
Endoscopy,20190630,S08000024,,NHS Lothian,2019-06-30,147,131,98,100,68,66,76,68,55,49,70,52,51,0,0,0,512,0,1543,610,933,39.5,60.5
Endoscopy,20190630,S08000025,,NHS Orkney,2019-06-30,6,5,1,4,3,1,8,2,0,1,0,1,0,0,0,0,0,0,32,20,12,62.5,37.5
Endoscopy,20190630,S08000026,,NHS Shetland,2019-06-30,5,5,5,0,0,0,0,0,0,0,0,0,0,0,0,0,0,0,15,15,0,100,0
Endoscopy,20190630,S08000028,,NHS Western Isles,2019-06-30,12,8,5,2,0,1,0,1,1,0,0,0,0,0,0,0,8,0,38,28,10,73.7,26.3
Endoscopy,20190630,S08000029,,NHS Fife,2019-06-30,70,66,41,31,27,16,0,0,2,0,0,1,0,0,0,0,0,0,254,251,3,98.8,1.2
Endoscopy,20190630,S08000030,,NHS Tayside,2019-06-30,91,84,52,50,33,41,30,23,27,19,14,18,15,0,0,0,141,0,638,351,287,55,45
Endoscopy,20190630,S08000031,,NHS Greater Glasgow and Clyde,2019-06-30,456,394,326,275,258,196,160,146,122,61,45,49,35,0,0,0,132,0,2655,1905,750,71.8,28.2
Endoscopy,20190630,S08000032,,NHS Lanarkshire,2019-06-30,405,493,263,162,103,47,0,0,0,0,0,0,0,0,0,0,0,0,1473,1473,0,100,0
Endoscopy,20190630,SB0801,,The<a0>Golden Jubilee National Hospital,2019-06-30,0,0,0,0,0,0,0,0,0,0,0,0,0,0,0,0,0,0,0,0,0,NA,NA
Endoscopy,20190731,S08000015,,NHS Ayrshire and Arran,2019-07-31,113,64,68,68,71,89,70,54,64,44,45,22,26,0,0,0,64,0,862,473,389,54.9,45.1
Endoscopy,20190731,S08000016,,NHS Borders,2019-07-31,26,15,19,10,8,8,3,1,0,0,0,0,0,0,0,0,0,0,90,86,4,95.6,4.4
Endoscopy,20190731,S08000017,,NHS Dumfries and Galloway,2019-07-31,54,31,38,14,13,4,2,2,0,1,0,0,0,0,0,0,0,0,159,154,5,96.9,3.1
Endoscopy,20190731,S08000019,,NHS Forth Valley,2019-07-31,9,27,14,22,12,4,2,0,1,0,0,0,0,0,0,0,0,0,91,88,3,96.7,3.3
Endoscopy,20190731,S08000020,,NHS Grampian,2019-07-31,79,68,74,70,58,29,36,30,48,32,38,36,31,0,0,0,258,0,887,378,509,42.6,57.4
Endoscopy,20190731,S08000022,,NHS Highland,2019-07-31,51,87,34,10,11,21,11,9,8,6,12,8,12,0,0,0,102,0,382,214,168,56,44
Endoscopy,20190731,S08000024,,NHS Lothian,2019-07-31,148,129,111,70,73,72,62,52,60,70,72,61,44,0,0,0,332,0,1356,603,753,44.5,55.5
Endoscopy,20190731,S08000025,,NHS Orkney,2019-07-31,9,3,4,4,3,2,1,1,3,1,2,5,0,0,0,0,0,0,38,25,13,65.8,34.2
Endoscopy,20190731,S08000026,,NHS Shetland,2019-07-31,6,3,1,0,0,0,0,0,0,0,0,0,0,0,0,0,0,0,10,10,0,100,0
Endoscopy,20190731,S08000028,,NHS Western Isles,2019-07-31,13,10,9,5,4,1,0,1,0,1,0,0,0,0,0,0,4,0,48,42,6,87.5,12.5
Endoscopy,20190731,S08000029,,NHS Fife,2019-07-31,70,65,55,21,27,17,3,2,1,3,0,0,0,0,0,0,0,0,264,255,9,96.6,3.4
Endoscopy,20190731,S08000030,,NHS Tayside,2019-07-31,102,66,44,63,35,54,47,35,20,19,18,17,22,0,0,0,213,0,755,364,391,48.2,51.8
Endoscopy,20190731,S08000031,,NHS Greater Glasgow and Clyde,2019-07-31,497,326,283,248,228,238,154,143,95,67,48,31,22,0,0,0,62,0,2442,1820,622,74.5,25.5
Endoscopy,20190731,S08000032,,NHS Lanarkshire,2019-07-31,418,474,250,139,90,54,1,0,0,0,0,0,0,0,0,0,0,0,1426,1425,1,99.9,0.1
Endoscopy,20190731,SB0801,,The<a0>Golden Jubilee National Hospital,2019-07-31,0,0,0,0,0,0,0,0,0,0,0,0,0,0,0,0,0,0,0,0,0,NA,NA
Endoscopy,20190831,S08000015,,NHS Ayrshire and Arran,2019-08-31,126,110,78,61,83,47,69,48,57,51,59,51,41,0,0,0,122,0,1003,505,498,50.3,49.7
Endoscopy,20190831,S08000016,,NHS Borders,2019-08-31,9,19,14,16,4,6,8,3,5,1,0,0,0,0,0,0,0,0,85,68,17,80,20
Endoscopy,20190831,S08000017,,NHS Dumfries and Galloway,2019-08-31,60,40,24,25,5,2,1,0,0,0,0,0,0,0,0,0,0,0,157,156,1,99.4,0.6
Endoscopy,20190831,S08000019,,NHS Forth Valley,2019-08-31,17,16,10,16,13,5,7,1,3,0,0,1,0,0,0,0,1,0,90,77,13,85.6,14.4
Endoscopy,20190831,S08000020,,NHS Grampian,2019-08-31,116,108,83,57,43,38,39,46,32,28,15,33,31,0,0,0,207,0,876,445,431,50.8,49.2
Endoscopy,20190831,S08000022,,NHS Highland,2019-08-31,68,52,44,13,8,13,16,9,4,4,9,8,10,0,0,0,105,0,363,198,165,54.5,45.5
Endoscopy,20190831,S08000024,,NHS Lothian,2019-08-31,118,130,95,76,76,81,100,87,80,86,57,34,29,0,0,0,210,0,1259,576,683,45.8,54.2
Endoscopy,20190831,S08000025,,NHS Orkney,2019-08-31,9,8,3,7,1,4,1,4,3,2,1,0,4,0,0,0,5,0,52,32,20,61.5,38.5
Endoscopy,20190831,S08000026,,NHS Shetland,2019-08-31,6,5,3,2,1,0,0,0,0,0,0,0,0,0,0,0,0,0,17,17,0,100,0
Endoscopy,20190831,S08000028,,NHS Western Isles,2019-08-31,8,6,5,4,3,0,4,4,1,0,0,0,0,0,0,0,6,0,41,26,15,63.4,36.6
Endoscopy,20190831,S08000029,,NHS Fife,2019-08-31,59,60,54,37,11,3,1,5,1,0,0,0,0,0,0,0,1,0,232,224,8,96.6,3.4
Endoscopy,20190831,S08000030,,NHS Tayside,2019-08-31,73,80,37,42,45,34,29,47,34,37,43,31,23,0,0,0,294,0,849,311,538,36.6,63.4
Endoscopy,20190831,S08000031,,NHS Greater Glasgow and Clyde,2019-08-31,503,426,301,293,224,187,116,106,65,64,31,39,25,0,0,0,32,0,2412,1934,478,80.2,19.8
Endoscopy,20190831,S08000032,,NHS Lanarkshire,2019-08-31,465,454,225,136,80,43,0,0,0,0,0,0,0,0,0,0,0,0,1403,1403,0,100,0
Endoscopy,20190831,SB0801,,The<a0>Golden Jubilee National Hospital,2019-08-31,0,0,0,0,0,0,0,0,0,0,0,0,0,0,0,0,0,0,0,0,0,NA,NA
Endoscopy,20190930,S08000015,,NHS Ayrshire and Arran,2019-09-30,85,93,76,80,94,71,57,62,63,37,36,34,31,0,0,0,135,0,954,499,455,52.3,47.7
Endoscopy,20190930,S08000016,,NHS Borders,2019-09-30,22,23,27,18,3,6,2,0,0,0,0,0,0,0,0,0,0,0,101,99,2,98,2
Endoscopy,20190930,S08000017,,NHS Dumfries and Galloway,2019-09-30,71,34,21,14,8,3,1,0,0,0,0,0,0,0,0,0,0,0,152,151,1,99.3,0.7
Endoscopy,20190930,S08000019,,NHS Forth Valley,2019-09-30,13,12,10,19,9,4,1,2,1,0,0,0,0,0,0,0,2,0,73,67,6,91.8,8.2
Endoscopy,20190930,S08000020,,NHS Grampian,2019-09-30,108,104,96,74,62,41,34,37,27,31,34,33,23,0,0,0,99,0,803,485,318,60.4,39.6
Endoscopy,20190930,S08000022,,NHS Highland,2019-09-30,61,34,27,25,14,11,13,1,6,7,15,7,4,0,0,0,106,0,331,172,159,52,48
Endoscopy,20190930,S08000024,,NHS Lothian,2019-09-30,191,134,138,95,75,59,44,53,58,65,64,59,37,0,0,0,141,0,1213,692,521,57,43
Endoscopy,20190930,S08000025,,NHS Orkney,2019-09-30,5,4,5,3,4,1,0,1,0,0,0,0,0,0,0,0,4,0,27,22,5,81.5,18.5
Endoscopy,20190930,S08000026,,NHS Shetland,2019-09-30,6,5,1,1,0,0,0,0,0,0,0,0,0,0,0,0,0,0,13,13,0,100,0
Endoscopy,20190930,S08000028,,NHS Western Isles,2019-09-30,12,5,2,4,3,1,0,2,1,0,2,3,0,0,0,0,4,0,39,27,12,69.2,30.8
Endoscopy,20190930,S08000029,,NHS Fife,2019-09-30,90,64,40,24,17,8,3,0,1,0,0,0,0,0,0,0,0,0,247,243,4,98.4,1.6
Endoscopy,20190930,S08000030,,NHS Tayside,2019-09-30,75,78,69,47,47,31,27,33,43,44,27,42,21,0,0,0,316,0,900,347,553,38.6,61.4
Endoscopy,20190930,S08000031,,NHS Greater Glasgow and Clyde,2019-09-30,489,436,346,269,246,168,119,88,52,28,14,10,14,0,0,0,23,0,2302,1954,348,84.9,15.1
Endoscopy,20190930,S08000032,,NHS Lanarkshire,2019-09-30,450,506,244,143,98,48,0,0,1,0,0,0,0,0,0,0,0,0,1490,1489,1,99.9,0.1
Endoscopy,20190930,SB0801,,The<a0>Golden Jubilee National Hospital,2019-09-30,0,0,0,0,0,0,0,0,0,0,0,0,0,0,0,0,0,0,0,0,0,NA,NA
Endoscopy,20191031,S08000015,,NHS Ayrshire and Arran,2019-10-31,157,116,73,100,86,47,48,41,50,37,29,34,24,0,0,0,99,0,941,579,362,61.5,38.5
Endoscopy,20191031,S08000016,,NHS Borders,2019-10-31,23,16,32,14,15,11,12,0,0,0,0,0,0,0,0,0,0,0,123,111,12,90.2,9.8
Endoscopy,20191031,S08000017,,NHS Dumfries and Galloway,2019-10-31,60,41,15,21,20,3,0,0,0,0,0,0,0,0,0,0,0,0,160,160,0,100,0
Endoscopy,20191031,S08000019,,NHS Forth Valley,2019-10-31,16,21,14,16,14,2,3,1,0,0,0,0,0,0,0,0,0,0,87,83,4,95.4,4.6
Endoscopy,20191031,S08000020,,NHS Grampian,2019-10-31,107,81,72,66,63,65,41,35,44,36,23,23,17,0,0,0,54,0,727,454,273,62.4,37.6
Endoscopy,20191031,S08000022,,NHS Highland,2019-10-31,52,32,21,18,17,17,13,12,14,7,11,6,2,0,0,0,116,0,338,157,181,46.4,53.6
Endoscopy,20191031,S08000024,,NHS Lothian,2019-10-31,208,156,146,117,98,71,61,61,64,59,58,39,67,0,0,0,292,0,1497,796,701,53.2,46.8
Endoscopy,20191031,S08000025,,NHS Orkney,2019-10-31,10,8,4,2,3,0,0,1,0,0,0,0,0,0,0,0,1,0,29,27,2,93.1,6.9
Endoscopy,20191031,S08000026,,NHS Shetland,2019-10-31,4,7,5,1,0,1,0,0,0,0,0,0,0,0,0,0,0,0,18,18,0,100,0
Endoscopy,20191031,S08000028,,NHS Western Isles,2019-10-31,2,10,5,1,1,0,1,1,1,0,0,0,1,0,0,0,4,0,27,19,8,70.4,29.6
Endoscopy,20191031,S08000029,,NHS Fife,2019-10-31,97,72,34,20,29,13,0,0,0,0,0,0,0,0,0,0,0,0,265,265,0,100,0
Endoscopy,20191031,S08000030,,NHS Tayside,2019-10-31,103,75,63,51,25,36,34,51,52,26,36,25,37,0,0,0,427,0,1041,353,688,33.9,66.1
Endoscopy,20191031,S08000031,,NHS Greater Glasgow and Clyde,2019-10-31,559,324,253,266,135,139,79,53,48,32,25,12,17,0,0,0,16,0,1958,1676,282,85.6,14.4
Endoscopy,20191031,S08000032,,NHS Lanarkshire,2019-10-31,559,451,223,150,70,43,0,0,0,0,0,0,0,0,0,0,1,0,1497,1496,1,99.9,0.1
Endoscopy,20191031,SB0801,,The<a0>Golden Jubilee National Hospital,2019-10-31,0,0,0,0,0,0,0,0,0,0,0,0,0,0,0,0,0,0,0,0,0,NA,NA
Endoscopy,20191130,S08000015,,NHS Ayrshire and Arran,2019-11-30,145,160,102,98,108,82,39,63,43,30,31,19,17,0,0,0,39,0,976,695,281,71.2,28.8
Endoscopy,20191130,S08000016,,NHS Borders,2019-11-30,13,31,25,16,10,17,3,6,2,0,0,0,0,0,0,0,0,0,123,112,11,91.1,8.9
Endoscopy,20191130,S08000017,,NHS Dumfries and Galloway,2019-11-30,48,42,28,22,8,0,0,0,0,0,0,0,0,0,0,0,0,0,148,148,0,100,0
Endoscopy,20191130,S08000019,,NHS Forth Valley,2019-11-30,9,12,22,7,8,5,1,0,2,0,0,0,0,0,0,0,0,0,66,63,3,95.5,4.5
Endoscopy,20191130,S08000020,,NHS Grampian,2019-11-30,131,98,79,81,69,20,24,42,37,20,16,12,12,0,0,0,52,0,693,478,215,69,31
Endoscopy,20191130,S08000022,,NHS Highland,2019-11-30,56,73,42,28,31,11,8,14,17,12,12,8,11,0,0,0,101,0,424,241,183,56.8,43.2
Endoscopy,20191130,S08000024,,NHS Lothian,2019-11-30,179,167,145,95,65,47,81,63,73,67,57,46,56,0,0,0,372,0,1513,698,815,46.1,53.9
Endoscopy,20191130,S08000025,,NHS Orkney,2019-11-30,7,12,4,0,2,2,0,0,0,0,0,0,0,0,0,0,1,0,28,27,1,96.4,3.6
Endoscopy,20191130,S08000026,,NHS Shetland,2019-11-30,2,4,1,4,2,0,0,0,0,0,0,0,0,0,0,0,0,0,13,13,0,100,0
Endoscopy,20191130,S08000028,,NHS Western Isles,2019-11-30,4,8,1,1,1,2,3,0,0,0,0,1,1,0,0,0,4,0,26,17,9,65.4,34.6
Endoscopy,20191130,S08000029,,NHS Fife,2019-11-30,76,83,48,25,37,24,2,0,0,2,0,0,0,0,0,0,0,0,297,293,4,98.7,1.3
Endoscopy,20191130,S08000030,,NHS Tayside,2019-11-30,92,104,71,33,41,21,29,40,31,26,35,51,46,0,0,0,459,0,1079,362,717,33.5,66.5
Endoscopy,20191130,S08000031,,NHS Greater Glasgow and Clyde,2019-11-30,447,380,278,183,154,84,50,48,31,27,32,16,10,0,0,0,17,0,1757,1526,231,86.9,13.1
Endoscopy,20191130,S08000032,,NHS Lanarkshire,2019-11-30,444,478,224,139,90,46,0,0,0,0,0,0,0,0,0,0,0,0,1421,1421,0,100,0
Endoscopy,20191130,SB0801,,The<a0>Golden Jubilee National Hospital,2019-11-30,0,0,0,0,0,0,0,0,0,0,0,0,0,0,0,0,0,0,0,0,0,NA,NA
Endoscopy,20191231,S08000015,,NHS Ayrshire and Arran,2019-12-31,87,112,117,105,105,100,74,75,48,25,11,21,23,0,0,0,64,0,967,626,341,64.7,35.3
Endoscopy,20191231,S08000016,,NHS Borders,2019-12-31,18,23,24,24,11,28,15,9,2,2,0,0,0,0,0,0,0,0,156,128,28,82.1,17.9
Endoscopy,20191231,S08000017,,NHS Dumfries and Galloway,2019-12-31,35,30,31,11,4,0,0,0,0,0,0,0,0,0,0,0,0,0,111,111,0,100,0
Endoscopy,20191231,S08000019,,NHS Forth Valley,2019-12-31,15,36,30,13,9,3,4,1,0,0,0,0,1,0,0,0,0,0,112,106,6,94.6,5.4
Endoscopy,20191231,S08000020,,NHS Grampian,2019-12-31,77,104,105,75,89,57,36,27,14,11,4,6,10,0,0,0,56,0,671,507,164,75.6,24.4
Endoscopy,20191231,S08000022,,NHS Highland,2019-12-31,60,56,48,42,21,20,15,23,13,8,7,10,8,0,0,0,117,0,448,247,201,55.1,44.9
Endoscopy,20191231,S08000024,,NHS Lothian,2019-12-31,115,192,134,100,83,63,65,68,56,46,70,52,71,0,0,0,451,0,1566,687,879,43.9,56.1
Endoscopy,20191231,S08000025,,NHS Orkney,2019-12-31,3,4,2,0,0,2,0,0,0,1,1,0,0,0,0,0,0,0,13,11,2,84.6,15.4
Endoscopy,20191231,S08000026,,NHS Shetland,2019-12-31,5,4,4,4,1,2,0,1,0,0,0,0,0,0,0,0,0,0,21,20,1,95.2,4.8
Endoscopy,20191231,S08000028,,NHS Western Isles,2019-12-31,6,7,5,3,1,2,0,1,0,0,0,0,0,0,0,0,4,0,29,24,5,82.8,17.2
Endoscopy,20191231,S08000029,,NHS Fife,2019-12-31,77,85,61,33,32,29,2,4,3,4,2,0,2,0,0,0,7,0,341,317,24,93,7
Endoscopy,20191231,S08000030,,NHS Tayside,2019-12-31,47,112,78,67,48,34,40,31,28,33,28,40,23,0,0,0,526,0,1135,386,749,34,66
Endoscopy,20191231,S08000031,,NHS Greater Glasgow and Clyde,2019-12-31,289,419,294,215,146,116,69,63,30,17,10,17,10,0,0,0,13,0,1708,1479,229,86.6,13.4
Endoscopy,20191231,S08000032,,NHS Lanarkshire,2019-12-31,310,490,258,184,113,29,2,3,0,0,0,0,0,0,0,0,1,0,1390,1384,6,99.6,0.4
Endoscopy,20191231,SB0801,,The<a0>Golden Jubilee National Hospital,2019-12-31,0,0,0,0,0,0,0,0,0,0,0,0,0,0,0,0,0,0,0,0,0,NA,NA
Endoscopy,20200131,S08000015,,NHS Ayrshire and Arran,2020-01-31,131,138,105,87,49,32,55,68,55,60,41,25,21,0,0,0,52,0,919,542,377,59,41
Endoscopy,20200131,S08000016,,NHS Borders,2020-01-31,36,26,18,11,8,11,15,10,6,3,7,2,1,0,0,0,0,0,154,110,44,71.4,28.6
Endoscopy,20200131,S08000017,,NHS Dumfries and Galloway,2020-01-31,48,25,18,5,2,0,0,0,0,0,0,0,0,0,0,0,0,0,98,98,0,100,0
Endoscopy,20200131,S08000019,,NHS Forth Valley,2020-01-31,28,40,21,13,3,3,1,6,0,0,0,0,0,0,0,0,0,0,115,108,7,93.9,6.1
Endoscopy,20200131,S08000020,,NHS Grampian,2020-01-31,119,120,92,57,24,32,62,43,19,16,13,9,9,0,0,0,42,0,657,444,213,67.6,32.4
Endoscopy,20200131,S08000022,,NHS Highland,2020-01-31,52,45,31,21,13,18,29,21,18,10,7,20,12,0,0,0,114,0,411,180,231,43.8,56.2
Endoscopy,20200131,S08000024,,NHS Lothian,2020-01-31,235,182,110,67,29,33,73,68,71,75,45,60,64,0,0,0,475,0,1587,656,931,41.3,58.7
Endoscopy,20200131,S08000025,,NHS Orkney,2020-01-31,7,3,0,1,0,0,0,0,0,0,0,0,0,0,0,0,0,0,11,11,0,100,0
Endoscopy,20200131,S08000026,,NHS Shetland,2020-01-31,1,3,4,4,0,0,0,0,0,0,0,0,0,0,0,0,0,0,12,12,0,100,0
Endoscopy,20200131,S08000028,,NHS Western Isles,2020-01-31,12,4,3,1,2,2,1,1,1,1,0,0,0,0,0,0,2,0,30,24,6,80,20
Endoscopy,20200131,S08000029,,NHS Fife,2020-01-31,99,86,45,19,16,10,3,5,1,1,0,0,1,0,0,0,1,0,287,275,12,95.8,4.2
Endoscopy,20200131,S08000030,,NHS Tayside,2020-01-31,94,83,98,32,13,25,33,39,35,38,27,29,20,0,0,0,377,0,943,345,598,36.6,63.4
Endoscopy,20200131,S08000031,,NHS Greater Glasgow and Clyde,2020-01-31,560,395,274,171,44,63,114,73,49,39,18,16,14,0,0,0,21,0,1851,1507,344,81.4,18.6
Endoscopy,20200131,S08000032,,NHS Lanarkshire,2020-01-31,521,455,273,177,100,44,3,3,0,0,0,0,0,0,0,0,0,0,1576,1570,6,99.6,0.4
Endoscopy,20200131,SB0801,,The<a0>Golden Jubilee National Hospital,2020-01-31,0,0,0,0,0,0,0,0,0,0,0,0,0,0,0,0,0,0,0,0,0,NA,NA
Endoscopy,20200229,S08000015,,NHS Ayrshire and Arran,2020-02-29,121,123,111,89,72,86,66,51,31,16,30,40,30,0,0,0,54,0,920,602,318,65.4,34.6
Endoscopy,20200229,S08000016,,NHS Borders,2020-02-29,22,17,18,27,22,17,6,2,4,4,5,5,0,0,0,0,0,0,149,123,26,82.6,17.4
Endoscopy,20200229,S08000017,,NHS Dumfries and Galloway,2020-02-29,60,28,23,2,2,0,0,0,0,0,0,0,0,0,0,0,0,0,115,115,0,100,0
Endoscopy,20200229,S08000019,,NHS Forth Valley,2020-02-29,17,28,12,14,4,5,0,1,0,0,0,0,0,0,0,0,0,0,81,80,1,98.8,1.2
Endoscopy,20200229,S08000020,,NHS Grampian,2020-02-29,91,106,82,48,57,60,17,24,3,5,22,16,6,0,0,0,41,0,578,444,134,76.8,23.2
Endoscopy,20200229,S08000022,,NHS Highland,2020-02-29,58,69,46,39,20,27,7,8,4,3,20,10,11,0,0,0,106,0,428,259,169,60.5,39.5
Endoscopy,20200229,S08000024,,NHS Lothian,2020-02-29,163,139,88,63,80,79,75,61,25,26,71,59,66,0,0,0,427,0,1422,612,810,43,57
Endoscopy,20200229,S08000025,,NHS Orkney,2020-02-29,4,3,5,4,1,0,0,0,0,0,0,0,0,0,0,0,0,0,17,17,0,100,0
Endoscopy,20200229,S08000026,,NHS Shetland,2020-02-29,3,4,3,2,0,1,0,0,0,0,0,0,0,0,0,0,0,0,13,13,0,100,0
Endoscopy,20200229,S08000028,,NHS Western Isles,2020-02-29,14,7,3,2,0,2,0,0,1,0,0,1,1,0,0,0,1,0,32,28,4,87.5,12.5
Endoscopy,20200229,S08000029,,NHS Fife,2020-02-29,92,72,55,34,20,7,5,0,0,0,1,1,2,0,0,0,1,0,290,280,10,96.6,3.4
Endoscopy,20200229,S08000030,,NHS Tayside,2020-02-29,101,81,69,68,41,26,43,22,12,22,29,25,24,0,0,0,289,0,852,386,466,45.3,54.7
Endoscopy,20200229,S08000031,,NHS Greater Glasgow and Clyde,2020-02-29,405,461,237,222,138,111,83,57,12,8,30,18,12,0,0,0,28,0,1822,1574,248,86.4,13.6
Endoscopy,20200229,S08000032,,NHS Lanarkshire,2020-02-29,552,409,231,191,171,102,8,0,0,0,0,0,0,0,0,0,0,0,1664,1656,8,99.5,0.5
Endoscopy,20200229,SB0801,,The<a0>Golden Jubilee National Hospital,2020-02-29,0,0,0,0,0,0,0,0,0,0,0,0,0,0,0,0,0,0,0,0,0,NA,NA
Endoscopy,20200331,S08000015,,NHS Ayrshire and Arran,2020-03-31,61,93,112,102,96,85,87,75,45,38,41,32,14,0,0,0,91,0,972,549,423,56.5,43.5
Endoscopy,20200331,S08000016,,NHS Borders,2020-03-31,11,16,17,13,17,11,3,6,6,12,1,1,0,0,0,0,0,0,114,85,29,74.6,25.4
Endoscopy,20200331,S08000017,,NHS Dumfries and Galloway,2020-03-31,29,27,23,12,7,2,2,0,0,0,0,0,0,0,0,0,0,0,102,100,2,98,2
Endoscopy,20200331,S08000019,,NHS Forth Valley,2020-03-31,14,26,16,17,13,9,2,1,0,0,0,1,0,0,0,0,0,0,99,95,4,96,4
Endoscopy,20200331,S08000020,,NHS Grampian,2020-03-31,48,91,88,72,56,49,35,15,21,27,11,14,2,0,0,0,35,0,564,404,160,71.6,28.4
Endoscopy,20200331,S08000022,,NHS Highland,2020-03-31,36,37,39,52,39,37,23,14,7,12,6,5,3,0,0,0,97,0,407,240,167,59,41
Endoscopy,20200331,S08000024,,NHS Lothian,2020-03-31,102,127,160,142,104,55,49,52,63,66,80,66,23,0,0,0,485,0,1574,690,884,43.8,56.2
Endoscopy,20200331,S08000025,,NHS Orkney,2020-03-31,0,8,1,2,0,0,1,0,0,0,0,0,0,0,0,0,0,0,12,11,1,91.7,8.3
Endoscopy,20200331,S08000026,,NHS Shetland,2020-03-31,3,2,6,1,7,1,0,1,0,0,0,0,0,0,0,0,0,0,21,20,1,95.2,4.8
Endoscopy,20200331,S08000028,,NHS Western Isles,2020-03-31,6,9,5,5,4,2,1,1,0,2,0,0,0,0,0,0,1,0,36,31,5,86.1,13.9
Endoscopy,20200331,S08000029,,NHS Fife,2020-03-31,55,65,36,31,47,5,12,0,1,0,0,0,0,0,0,0,2,0,254,239,15,94.1,5.9
Endoscopy,20200331,S08000030,,NHS Tayside,2020-03-31,55,59,78,74,62,23,39,40,40,31,37,31,10,0,0,0,284,0,863,351,512,40.7,59.3
Endoscopy,20200331,S08000031,,NHS Greater Glasgow and Clyde,2020-03-31,234,277,396,347,210,157,122,97,73,54,38,28,8,0,0,0,39,0,2080,1621,459,77.9,22.1
Endoscopy,20200331,S08000032,,NHS Lanarkshire,2020-03-31,183,292,372,277,172,168,119,72,11,2,0,0,0,0,0,0,0,0,1668,1464,204,87.8,12.2
Endoscopy,20200331,SB0801,,The<a0>Golden Jubilee National Hospital,2020-03-31,0,0,0,0,0,0,0,0,0,0,0,0,0,0,0,0,0,0,0,0,0,NA,NA
Endoscopy,20200430,S08000015,,NHS Ayrshire and Arran,2020-04-30,30,30,15,32,33,80,110,97,96,91,87,70,67,0,0,0,229,0,1067,220,847,20.6,79.4
Endoscopy,20200430,S08000016,,NHS Borders,2020-04-30,3,5,8,7,8,9,12,9,8,13,5,5,5,0,0,0,19,0,116,40,76,34.5,65.5
Endoscopy,20200430,S08000017,,NHS Dumfries and Galloway,2020-04-30,25,15,8,4,6,8,17,10,10,3,1,1,0,0,0,0,0,0,108,66,42,61.1,38.9
Endoscopy,20200430,S08000019,,NHS Forth Valley,2020-04-30,5,4,4,16,19,28,23,15,11,9,8,0,1,0,0,0,1,0,144,76,68,52.8,47.2
Endoscopy,20200430,S08000020,,NHS Grampian,2020-04-30,27,21,17,38,38,73,76,81,56,54,39,18,9,0,0,0,94,0,641,214,427,33.4,66.6
Endoscopy,20200430,S08000022,,NHS Highland,2020-04-30,7,8,9,5,16,43,33,40,65,26,30,9,11,0,0,0,120,0,422,88,334,20.9,79.1
Endoscopy,20200430,S08000024,,NHS Lothian,2020-04-30,27,23,25,57,68,111,152,160,110,78,55,46,51,0,0,0,754,0,1717,311,1406,18.1,81.9
Endoscopy,20200430,S08000025,,NHS Orkney,2020-04-30,0,8,1,2,0,0,1,0,0,0,0,0,0,0,0,0,0,0,12,11,1,91.7,8.3
Endoscopy,20200430,S08000026,,NHS Shetland,2020-04-30,2,2,1,1,3,3,3,5,3,4,0,1,0,0,0,0,0,0,28,12,16,42.9,57.1
Endoscopy,20200430,S08000028,,NHS Western Isles,2020-04-30,1,0,2,4,2,8,5,5,5,1,2,1,0,0,0,0,3,0,39,17,22,43.6,56.4
Endoscopy,20200430,S08000029,,NHS Fife,2020-04-30,37,23,18,16,24,49,46,31,50,13,16,5,2,0,0,0,5,0,335,167,168,49.9,50.1
Endoscopy,20200430,S08000030,,NHS Tayside,2020-04-30,19,15,14,14,21,52,57,59,49,44,31,42,39,0,0,0,402,0,858,135,723,15.7,84.3
Endoscopy,20200430,S08000031,,NHS Greater Glasgow and Clyde,2020-04-30,109,70,83,100,194,207,373,373,254,187,125,92,96,0,0,0,196,0,2459,763,1696,31,69
Endoscopy,20200430,S08000032,,NHS Lanarkshire,2020-04-30,73,62,51,94,114,191,335,326,180,181,116,91,26,0,0,0,4,0,1844,585,1259,31.7,68.3
Endoscopy,20200430,SB0801,,The<a0>Golden Jubilee National Hospital,2020-04-30,0,0,0,0,0,0,0,0,0,0,0,0,0,0,0,0,0,0,0,0,0,NA,NA
Endoscopy,20200531,S08000015,,NHS Ayrshire and Arran,2020-05-31,23,18,28,21,23,37,19,27,31,65,96,99,97,0,0,0,570,0,1154,150,1004,13,87
Endoscopy,20200531,S08000016,,NHS Borders,2020-05-31,12,8,2,1,1,1,1,2,3,0,4,4,6,0,0,0,27,0,72,25,47,34.7,65.3
Endoscopy,20200531,S08000017,,NHS Dumfries and Galloway,2020-05-31,23,17,7,3,2,4,3,2,4,7,7,3,4,0,0,0,1,0,87,56,31,64.4,35.6
Endoscopy,20200531,S08000019,,NHS Forth Valley,2020-05-31,10,12,9,12,5,2,2,8,13,17,15,6,16,0,0,0,22,0,149,50,99,33.6,66.4
Endoscopy,20200531,S08000020,,NHS Grampian,2020-05-31,28,28,19,22,22,19,14,20,38,53,75,71,62,0,0,0,221,0,692,138,554,19.9,80.1
Endoscopy,20200531,S08000022,,NHS Highland,2020-05-31,17,4,10,7,12,7,7,5,14,28,37,36,61,0,0,0,217,0,462,57,405,12.3,87.7
Endoscopy,20200531,S08000024,,NHS Lothian,2020-05-31,38,32,29,17,23,15,19,37,48,68,117,131,112,0,0,0,985,0,1671,154,1517,9.2,90.8
Endoscopy,20200531,S08000025,,NHS Orkney,2020-05-31,4,0,4,1,1,1,3,1,1,0,1,2,1,0,0,0,1,0,21,11,10,52.4,47.6
Endoscopy,20200531,S08000026,,NHS Shetland,2020-05-31,2,1,1,0,0,0,2,0,1,2,1,3,2,0,0,0,3,0,18,4,14,22.2,77.8
Endoscopy,20200531,S08000028,,NHS Western Isles,2020-05-31,0,0,1,0,0,1,1,2,4,5,4,4,4,0,0,0,9,0,35,2,33,5.7,94.3
Endoscopy,20200531,S08000029,,NHS Fife,2020-05-31,28,23,11,6,11,7,9,12,13,30,56,28,17,0,0,0,56,0,307,86,221,28,72
Endoscopy,20200531,S08000030,,NHS Tayside,2020-05-31,37,49,23,11,9,8,9,7,10,23,26,33,29,0,0,0,551,0,825,137,688,16.6,83.4
Endoscopy,20200531,S08000031,,NHS Greater Glasgow and Clyde,2020-05-31,93,150,83,76,94,76,76,72,125,190,306,410,297,0,0,0,762,0,2810,572,2238,20.4,79.6
Endoscopy,20200531,S08000032,,NHS Lanarkshire,2020-05-31,75,70,61,45,70,58,41,70,109,137,294,322,207,0,0,0,464,0,2023,379,1644,18.7,81.3
Endoscopy,20200531,SB0801,,The<a0>Golden Jubilee National Hospital,2020-05-31,0,0,0,0,0,0,0,0,0,0,0,0,0,0,0,0,0,0,0,0,0,NA,NA
Endoscopy,20200630,S08000015,,NHS Ayrshire and Arran,2020-06-30,47,25,42,36,41,26,30,20,24,32,28,16,30,0,0,0,909,0,1306,217,1089,16.6,83.4
Endoscopy,20200630,S08000016,,NHS Borders,2020-06-30,13,11,1,3,2,3,0,1,0,1,0,1,2,0,0,0,31,0,69,33,36,47.8,52.2
Endoscopy,20200630,S08000017,,NHS Dumfries and Galloway,2020-06-30,29,13,8,1,6,8,2,3,1,4,3,2,1,0,0,0,13,0,94,65,29,69.1,30.9
Endoscopy,20200630,S08000019,,NHS Forth Valley,2020-06-30,16,22,18,6,7,12,7,6,5,1,0,2,9,0,0,0,64,0,175,81,94,46.3,53.7
Endoscopy,20200630,S08000020,,NHS Grampian,2020-06-30,39,34,19,26,25,28,17,24,13,22,15,18,35,0,0,0,433,0,748,171,577,22.9,77.1
Endoscopy,20200630,S08000022,,NHS Highland,2020-06-30,28,12,15,13,9,7,5,10,8,5,4,3,8,0,0,0,278,0,405,84,321,20.7,79.3
Endoscopy,20200630,S08000024,,NHS Lothian,2020-06-30,100,84,70,57,63,33,24,25,20,12,18,29,41,0,0,0,1307,0,1883,407,1476,21.6,78.4
Endoscopy,20200630,S08000025,,NHS Orkney,2020-06-30,2,1,0,0,0,0,0,0,0,0,0,0,0,0,0,0,2,0,5,3,2,60,40
Endoscopy,20200630,S08000026,,NHS Shetland,2020-06-30,4,1,0,1,0,0,0,0,1,0,0,0,0,0,0,0,4,0,11,6,5,54.5,45.5
Endoscopy,20200630,S08000028,,NHS Western Isles,2020-06-30,1,2,1,0,1,0,1,0,0,0,0,2,0,0,0,0,19,0,27,5,22,18.5,81.5
Endoscopy,20200630,S08000029,,NHS Fife,2020-06-30,45,10,2,8,6,4,8,5,9,6,9,7,7,0,0,0,134,0,260,75,185,28.8,71.2
Endoscopy,20200630,S08000030,,NHS Tayside,2020-06-30,32,35,20,16,9,17,6,19,9,6,10,9,6,0,0,0,637,0,831,129,702,15.5,84.5
Endoscopy,20200630,S08000031,,NHS Greater Glasgow and Clyde,2020-06-30,244,157,102,124,116,107,77,72,65,68,66,53,100,0,0,0,1852,0,3203,850,2353,26.5,73.5
Endoscopy,20200630,S08000032,,NHS Lanarkshire,2020-06-30,62,61,57,56,67,55,60,53,47,61,41,52,95,0,0,0,1326,0,2093,358,1735,17.1,82.9
Endoscopy,20200630,SB0801,,The<a0>Golden Jubilee National Hospital,2020-06-30,0,0,0,0,0,0,0,0,0,0,0,0,0,0,0,0,0,0,0,0,0,NA,NA
Endoscopy,20200731,S08000015,,NHS Ayrshire and Arran,2020-07-31,43,37,59,57,37,35,20,35,20,29,21,24,12,0,0,0,946,0,1375,268,1107,19.5,80.5
Endoscopy,20200731,S08000016,,NHS Borders,2020-07-31,18,11,0,7,4,0,0,1,1,2,1,0,0,0,0,0,26,0,71,40,31,56.3,43.7
Endoscopy,20200731,S08000017,,NHS Dumfries and Galloway,2020-07-31,26,17,26,1,2,0,1,1,1,2,3,3,0,0,0,0,11,0,94,72,22,76.6,23.4
Endoscopy,20200731,S08000019,,NHS Forth Valley,2020-07-31,21,16,10,16,8,12,7,4,6,5,12,4,8,0,0,0,65,0,194,83,111,42.8,57.2
Endoscopy,20200731,S08000020,,NHS Grampian,2020-07-31,34,35,21,24,24,28,23,20,22,20,28,11,20,0,0,0,482,0,792,166,626,21,79
Endoscopy,20200731,S08000022,,NHS Highland,2020-07-31,24,24,20,14,9,9,9,6,10,7,3,6,6,0,0,0,210,0,357,100,257,28,72
Endoscopy,20200731,S08000024,,NHS Lothian,2020-07-31,113,91,103,73,54,45,35,42,33,24,22,27,13,0,0,0,1129,0,1804,479,1325,26.6,73.4
Endoscopy,20200731,S08000025,,NHS Orkney,2020-07-31,4,2,1,0,0,0,0,0,0,0,0,0,0,0,0,0,2,0,9,7,2,77.8,22.2
Endoscopy,20200731,S08000026,,NHS Shetland,2020-07-31,0,7,2,2,1,0,0,0,0,0,0,0,0,0,0,0,0,0,12,12,0,100,0
Endoscopy,20200731,S08000028,,NHS Western Isles,2020-07-31,1,3,2,2,1,0,0,1,1,0,0,1,1,0,0,0,19,0,32,9,23,28.1,71.9
Endoscopy,20200731,S08000029,,NHS Fife,2020-07-31,30,25,12,8,9,6,2,3,5,3,3,5,5,0,0,0,107,0,223,90,133,40.4,59.6
Endoscopy,20200731,S08000030,,NHS Tayside,2020-07-31,68,44,22,11,12,17,18,8,18,6,17,9,5,0,0,0,633,0,888,174,714,19.6,80.4
Endoscopy,20200731,S08000031,,NHS Greater Glasgow and Clyde,2020-07-31,174,219,167,118,137,116,96,85,108,73,76,56,61,0,0,0,1938,0,3424,931,2493,27.2,72.8
Endoscopy,20200731,S08000032,,NHS Lanarkshire,2020-07-31,84,58,73,69,68,39,49,41,53,59,65,42,38,0,0,0,1366,0,2104,391,1713,18.6,81.4
Endoscopy,20200731,SB0801,,The<a0>Golden Jubilee National Hospital,2020-07-31,0,0,0,0,0,0,0,0,0,0,0,0,0,0,0,0,0,0,0,0,0,NA,NA
Endoscopy,20200831,S08000015,,NHS Ayrshire and Arran,2020-08-31,81,66,60,49,34,37,41,47,33,37,14,37,24,0,0,0,932,0,1492,327,1165,21.9,78.1
Endoscopy,20200831,S08000016,,NHS Borders,2020-08-31,20,12,4,2,1,3,1,3,3,0,0,1,1,0,0,0,29,0,80,42,38,52.5,47.5
Endoscopy,20200831,S08000017,,NHS Dumfries and Galloway,2020-08-31,14,11,11,2,3,1,5,1,1,1,0,0,0,0,0,0,10,0,60,42,18,70,30
Endoscopy,20200831,S08000019,,NHS Forth Valley,2020-08-31,20,25,22,20,16,2,6,7,8,6,6,5,5,0,0,0,71,0,219,105,114,47.9,52.1
Endoscopy,20200831,S08000020,,NHS Grampian,2020-08-31,45,30,31,24,26,27,16,16,19,16,17,12,19,0,0,0,377,0,675,183,492,27.1,72.9
Endoscopy,20200831,S08000022,,NHS Highland,2020-08-31,64,17,26,13,4,7,5,4,5,7,4,2,10,0,0,0,172,0,340,131,209,38.5,61.5
Endoscopy,20200831,S08000024,,NHS Lothian,2020-08-31,136,107,80,96,74,49,46,30,29,36,30,33,27,0,0,0,1141,0,1914,542,1372,28.3,71.7
Endoscopy,20200831,S08000025,,NHS Orkney,2020-08-31,3,2,1,2,1,0,0,0,0,0,0,0,0,0,0,0,0,0,9,9,0,100,0
Endoscopy,20200831,S08000026,,NHS Shetland,2020-08-31,2,3,1,0,1,0,0,0,0,0,0,0,0,0,0,0,1,0,8,7,1,87.5,12.5
Endoscopy,20200831,S08000028,,NHS Western Isles,2020-08-31,1,1,4,0,1,0,0,1,0,0,0,0,1,0,0,0,18,0,27,7,20,25.9,74.1
Endoscopy,20200831,S08000029,,NHS Fife,2020-08-31,21,28,12,3,4,4,4,5,1,5,2,0,1,0,0,0,72,0,162,72,90,44.4,55.6
Endoscopy,20200831,S08000030,,NHS Tayside,2020-08-31,59,52,44,37,17,19,23,16,21,9,17,19,18,0,0,0,755,0,1106,228,878,20.6,79.4
Endoscopy,20200831,S08000031,,NHS Greater Glasgow and Clyde,2020-08-31,360,256,147,123,131,124,99,99,120,88,84,78,88,0,0,0,1860,0,3657,1141,2516,31.2,68.8
Endoscopy,20200831,S08000032,,NHS Lanarkshire,2020-08-31,89,85,59,55,75,48,53,46,48,43,52,33,49,0,0,0,1313,0,2048,411,1637,20.1,79.9
Endoscopy,20200831,SB0801,,The<a0>Golden Jubilee National Hospital,2020-08-31,0,0,0,0,0,0,0,0,0,0,0,0,0,0,0,0,0,0,0,0,0,NA,NA
Endoscopy,20200930,S08000015,,NHS Ayrshire and Arran,2020-09-30,58,44,53,45,52,44,46,29,29,35,38,35,43,248,543,78,0,2,1422,296,1126,20.8,79.2
Endoscopy,20200930,S08000016,,NHS Borders,2020-09-30,6,12,6,5,2,5,0,0,1,3,1,1,3,10,19,0,0,0,74,36,38,48.6,51.4
Endoscopy,20200930,S08000017,,NHS Dumfries and Galloway,2020-09-30,36,16,4,1,1,0,2,1,0,2,1,1,0,3,1,0,0,0,69,58,11,84.1,15.9
Endoscopy,20200930,S08000019,,NHS Forth Valley,2020-09-30,9,26,15,8,4,3,2,1,2,2,0,2,6,31,41,0,0,0,152,65,87,42.8,57.2
Endoscopy,20200930,S08000020,,NHS Grampian,2020-09-30,49,46,39,23,24,21,24,13,13,16,13,11,14,134,161,26,0,2,629,202,427,32.1,67.9
Endoscopy,20200930,S08000022,,NHS Highland,2020-09-30,48,23,13,11,14,4,6,7,1,6,6,1,2,20,79,35,0,11,287,113,174,39.4,60.6
Endoscopy,20200930,S08000024,,NHS Lothian,2020-09-30,101,110,147,133,76,47,37,30,27,45,31,37,30,258,595,296,0,26,2026,614,1412,30.3,69.7
Endoscopy,20200930,S08000025,,NHS Orkney,2020-09-30,3,2,2,1,0,0,1,0,0,0,0,0,0,0,0,0,0,0,9,8,1,88.9,11.1
Endoscopy,20200930,S08000026,,NHS Shetland,2020-09-30,6,5,2,2,1,0,0,0,0,0,0,2,0,0,3,0,0,0,21,16,5,76.2,23.8
Endoscopy,20200930,S08000028,,NHS Western Isles,2020-09-30,4,2,4,1,0,0,0,0,0,0,0,0,0,3,6,0,0,0,20,11,9,55,45
Endoscopy,20200930,S08000029,,NHS Fife,2020-09-30,17,22,15,11,10,1,1,2,0,0,1,1,0,11,31,1,0,0,124,76,48,61.3,38.7
Endoscopy,20200930,S08000030,,NHS Tayside,2020-09-30,62,38,39,32,25,23,25,21,25,18,21,23,18,150,335,142,0,62,1059,219,840,20.7,79.3
Endoscopy,20200930,S08000031,,NHS Greater Glasgow and Clyde,2020-09-30,265,286,229,173,167,126,116,79,81,86,75,85,73,704,1183,39,0,1,3768,1246,2522,33.1,66.9
Endoscopy,20200930,S08000032,,NHS Lanarkshire,2020-09-30,90,113,76,82,57,55,40,31,45,39,31,33,33,414,541,0,0,0,1680,473,1207,28.2,71.8
Endoscopy,20200930,SB0801,,The<a0>Golden Jubilee National Hospital,2020-09-30,0,0,0,0,0,0,0,0,0,0,0,0,0,0,0,0,0,0,0,0,0,NA,NA
Endoscopy,20201031,S08000015,,NHS Ayrshire and Arran,2020-10-31,55,61,43,41,40,27,38,30,43,48,35,31,30,291,369,186,0,6,1374,267,1107,19.4,80.6
Endoscopy,20201031,S08000016,,NHS Borders,2020-10-31,13,8,3,3,1,1,1,0,0,0,1,0,1,14,10,7,0,0,63,29,34,46,54
Endoscopy,20201031,S08000017,,NHS Dumfries and Galloway,2020-10-31,45,17,3,1,2,2,1,0,1,2,0,1,0,3,1,0,0,0,79,70,9,88.6,11.4
Endoscopy,20201031,S08000019,,NHS Forth Valley,2020-10-31,20,28,9,9,5,3,5,1,5,2,1,2,0,32,44,1,0,0,167,74,93,44.3,55.7
Endoscopy,20201031,S08000020,,NHS Grampian,2020-10-31,48,29,23,31,17,18,14,13,14,17,7,10,7,75,92,41,0,2,458,166,292,36.2,63.8
Endoscopy,20201031,S08000022,,NHS Highland,2020-10-31,50,19,17,11,6,6,9,4,8,4,5,9,4,31,43,24,0,8,258,109,149,42.2,57.8
Endoscopy,20201031,S08000024,,NHS Lothian,2020-10-31,113,113,56,67,36,40,51,48,44,39,37,27,28,225,595,296,0,26,1841,425,1416,23.1,76.9
Endoscopy,20201031,S08000025,,NHS Orkney,2020-10-31,6,1,1,0,0,1,0,0,0,0,0,0,0,0,0,0,0,0,9,9,0,100,0
Endoscopy,20201031,S08000026,,NHS Shetland,2020-10-31,8,1,4,2,1,0,0,0,0,0,0,1,0,0,2,0,0,0,19,16,3,84.2,15.8
Endoscopy,20201031,S08000028,,NHS Western Isles,2020-10-31,7,0,5,3,0,0,1,1,0,0,0,0,0,2,5,0,0,0,24,15,9,62.5,37.5
Endoscopy,20201031,S08000029,,NHS Fife,2020-10-31,13,17,8,2,1,3,2,1,0,1,1,1,0,5,10,1,0,0,66,44,22,66.7,33.3
Endoscopy,20201031,S08000030,,NHS Tayside,2020-10-31,48,44,47,22,32,16,32,24,29,21,21,18,29,175,180,131,0,81,950,209,741,22,78
Endoscopy,20201031,S08000031,,NHS Greater Glasgow and Clyde,2020-10-31,325,181,162,116,126,106,112,117,102,92,90,58,48,726,1103,185,0,1,3650,1016,2634,27.8,72.2
Endoscopy,20201031,S08000032,,NHS Lanarkshire,2020-10-31,117,92,102,85,70,50,37,32,35,24,42,15,28,301,285,2,0,0,1317,516,801,39.2,60.8
Endoscopy,20201031,SB0801,,The<a0>Golden Jubilee National Hospital,2020-10-31,0,0,0,0,0,0,0,0,0,0,0,0,0,0,0,0,0,0,0,0,0,NA,NA
Endoscopy,20201130,S08000015,,NHS Ayrshire and Arran,2020-11-30,86,79,71,48,32,31,22,24,25,19,26,25,40,332,179,303,0,15,1357,347,1010,25.6,74.4
Endoscopy,20201130,S08000016,,NHS Borders,2020-11-30,42,10,4,2,1,0,1,0,0,0,0,0,0,6,3,2,0,0,71,59,12,83.1,16.9
Endoscopy,20201130,S08000017,,NHS Dumfries and Galloway,2020-11-30,62,20,12,3,0,1,0,0,0,1,0,0,0,2,0,0,0,0,101,98,3,97,3
Endoscopy,20201130,S08000019,,NHS Forth Valley,2020-11-30,22,41,25,18,5,6,2,5,2,2,3,3,5,26,36,16,0,0,217,117,100,53.9,46.1
Endoscopy,20201130,S08000020,,NHS Grampian,2020-11-30,80,55,43,20,8,7,7,15,12,7,6,11,10,56,68,54,0,4,463,213,250,46,54
Endoscopy,20201130,S08000022,,NHS Highland,2020-11-30,65,26,14,8,8,5,6,5,4,3,3,2,3,28,17,26,0,6,229,126,103,55,45
Endoscopy,20201130,S08000024,,NHS Lothian,2020-11-30,159,96,67,43,38,45,27,47,23,31,51,41,37,342,262,302,0,9,1620,448,1172,27.7,72.3
Endoscopy,20201130,S08000025,,NHS Orkney,2020-11-30,11,2,1,2,0,1,0,0,0,0,0,0,0,0,0,0,0,0,17,17,0,100,0
Endoscopy,20201130,S08000026,,NHS Shetland,2020-11-30,12,5,4,4,3,0,0,0,0,0,0,1,0,0,1,0,0,0,30,28,2,93.3,6.7
Endoscopy,20201130,S08000028,,NHS Western Isles,2020-11-30,10,4,1,1,0,0,0,0,0,0,1,1,0,1,4,1,0,0,24,16,8,66.7,33.3
Endoscopy,20201130,S08000029,,NHS Fife,2020-11-30,22,24,6,3,2,1,1,0,2,1,1,1,0,2,7,4,0,1,78,58,20,74.4,25.6
Endoscopy,20201130,S08000030,,NHS Tayside,2020-11-30,65,55,26,23,16,25,35,24,21,17,26,22,27,140,85,151,0,110,868,210,658,24.2,75.8
Endoscopy,20201130,S08000031,,NHS Greater Glasgow and Clyde,2020-11-30,439,324,169,128,98,65,68,63,76,64,82,77,79,677,820,512,0,10,3751,1223,2528,32.6,67.4
Endoscopy,20201130,S08000032,,NHS Lanarkshire,2020-11-30,153,120,80,66,49,55,39,38,43,25,31,23,29,207,115,28,0,0,1101,523,578,47.5,52.5
Endoscopy,20201130,SB0801,,The<a0>Golden Jubilee National Hospital,2020-11-30,0,0,0,0,0,0,0,0,0,0,0,0,0,0,0,0,0,0,0,0,0,NA,NA
Endoscopy,20201231,S08000015,,NHS Ayrshire and Arran,2020-12-31,33,101,65,72,48,38,29,46,23,23,27,21,19,329,130,333,0,73,1410,357,1053,25.3,74.7
Endoscopy,20201231,S08000016,,NHS Borders,2020-12-31,8,28,30,17,18,3,0,0,1,0,1,0,0,0,2,0,0,0,108,104,4,96.3,3.7
Endoscopy,20201231,S08000017,,NHS Dumfries and Galloway,2020-12-31,41,28,21,3,2,2,1,0,0,0,0,1,0,2,0,0,0,0,101,97,4,96,4
Endoscopy,20201231,S08000019,,NHS Forth Valley,2020-12-31,2,31,34,34,7,5,7,9,4,4,2,3,3,25,25,37,0,0,232,113,119,48.7,51.3
Endoscopy,20201231,S08000020,,NHS Grampian,2020-12-31,44,61,56,27,24,14,15,14,8,4,4,12,10,66,49,71,0,14,493,226,267,45.8,54.2
Endoscopy,20201231,S08000022,,NHS Highland,2020-12-31,28,36,19,34,10,15,3,4,2,5,1,5,3,21,14,19,0,7,226,142,84,62.8,37.2
Endoscopy,20201231,S08000024,,NHS Lothian,2020-12-31,121,159,140,59,45,42,48,42,42,32,33,27,41,408,209,213,0,59,1720,566,1154,32.9,67.1
Endoscopy,20201231,S08000025,,NHS Orkney,2020-12-31,4,2,3,1,0,1,0,0,2,0,0,0,0,0,0,0,0,0,13,11,2,84.6,15.4
Endoscopy,20201231,S08000026,,NHS Shetland,2020-12-31,14,9,2,3,0,0,1,0,0,0,0,1,0,0,0,0,0,0,30,28,2,93.3,6.7
Endoscopy,20201231,S08000028,,NHS Western Isles,2020-12-31,6,2,3,1,1,2,1,0,0,0,0,0,0,0,2,3,0,0,21,15,6,71.4,28.6
Endoscopy,20201231,S08000029,,NHS Fife,2020-12-31,2,51,47,16,7,1,0,0,1,2,0,0,1,1,4,5,0,1,139,124,15,89.2,10.8
Endoscopy,20201231,S08000030,,NHS Tayside,2020-12-31,63,50,71,62,41,36,30,19,21,17,26,34,22,106,62,139,0,130,929,323,606,34.8,65.2
Endoscopy,20201231,S08000031,,NHS Greater Glasgow and Clyde,2020-12-31,221,311,272,177,129,113,66,88,65,49,60,40,61,674,517,887,0,13,3743,1223,2520,32.7,67.3
Endoscopy,20201231,S08000032,,NHS Lanarkshire,2020-12-31,63,128,153,109,93,55,56,20,23,20,25,26,32,205,71,34,0,0,1113,601,512,54,46
Endoscopy,20201231,SB0801,,The<a0>Golden Jubilee National Hospital,2020-12-31,0,0,0,0,0,0,0,0,0,0,0,0,0,0,0,0,0,0,0,0,0,NA,NA
Endoscopy,20210131,S08000015,,NHS Ayrshire and Arran,2021-01-31,81,89,110,58,20,43,35,31,35,19,21,28,28,281,157,254,0,184,1474,401,1073,27.2,72.8
Endoscopy,20210131,S08000016,,NHS Borders,2021-01-31,24,25,17,8,8,5,12,3,5,4,0,0,0,2,2,0,0,0,115,87,28,75.7,24.3
Endoscopy,20210131,S08000017,,NHS Dumfries and Galloway,2021-01-31,48,32,31,6,1,5,7,0,0,0,0,0,0,1,0,0,0,0,131,123,8,93.9,6.1
Endoscopy,20210131,S08000019,,NHS Forth Valley,2021-01-31,15,27,23,5,4,5,6,5,4,1,1,5,5,29,29,37,0,0,201,79,122,39.3,60.7
Endoscopy,20210131,S08000020,,NHS Grampian,2021-01-31,64,62,55,17,7,7,16,18,13,8,15,11,10,76,47,62,0,35,523,212,311,40.5,59.5
Endoscopy,20210131,S08000022,,NHS Highland,2021-01-31,38,33,26,18,19,12,7,10,5,8,2,3,2,22,11,10,0,10,236,146,90,61.9,38.1
Endoscopy,20210131,S08000024,,NHS Lothian,2021-01-31,134,151,76,42,14,40,44,34,44,31,41,50,34,406,232,144,0,76,1593,457,1136,28.7,71.3
Endoscopy,20210131,S08000025,,NHS Orkney,2021-01-31,8,4,1,2,0,0,0,1,0,0,1,0,1,0,0,0,0,0,18,15,3,83.3,16.7
Endoscopy,20210131,S08000026,,NHS Shetland,2021-01-31,11,3,2,2,2,5,0,0,0,0,0,0,0,1,0,0,0,0,26,25,1,96.2,3.8
Endoscopy,20210131,S08000028,,NHS Western Isles,2021-01-31,8,7,1,4,0,0,0,1,0,2,0,0,0,0,1,3,0,0,27,20,7,74.1,25.9
Endoscopy,20210131,S08000029,,NHS Fife,2021-01-31,23,23,11,8,5,12,14,6,4,3,0,1,0,5,3,5,0,2,125,82,43,65.6,34.4
Endoscopy,20210131,S08000030,,NHS Tayside,2021-01-31,78,92,33,19,32,24,33,16,31,36,24,22,20,107,63,102,0,168,900,278,622,30.9,69.1
Endoscopy,20210131,S08000031,,NHS Greater Glasgow and Clyde,2021-01-31,369,249,189,115,49,74,118,92,86,81,66,56,56,661,504,796,0,85,3646,1045,2601,28.7,71.3
Endoscopy,20210131,S08000032,,NHS Lanarkshire,2021-01-31,195,158,115,69,29,50,68,59,71,39,34,13,16,224,62,35,0,0,1237,616,621,49.8,50.2
Endoscopy,20210131,SB0801,,The<a0>Golden Jubilee National Hospital,2021-01-31,0,0,0,0,0,0,0,0,0,0,0,0,0,0,0,0,0,0,0,0,0,NA,NA
Endoscopy,20210228,S08000015,,NHS Ayrshire and Arran,2021-02-28,84,60,66,66,64,60,53,22,8,18,20,24,21,212,193,158,0,296,1425,400,1025,28.1,71.9
Endoscopy,20210228,S08000016,,NHS Borders,2021-02-28,15,23,22,19,19,18,4,1,2,1,7,1,2,6,1,1,0,0,142,116,26,81.7,18.3
Endoscopy,20210228,S08000017,,NHS Dumfries and Galloway,2021-02-28,48,50,25,6,2,3,4,0,0,3,1,0,0,0,0,0,0,0,142,134,8,94.4,5.6
Endoscopy,20210228,S08000019,,NHS Forth Valley,2021-02-28,23,35,6,2,5,4,4,0,0,3,5,4,4,35,20,30,0,10,190,75,115,39.5,60.5
Endoscopy,20210228,S08000020,,NHS Grampian,2021-02-28,51,87,56,29,14,16,15,6,2,5,10,16,13,103,46,61,0,52,582,253,329,43.5,56.5
Endoscopy,20210228,S08000022,,NHS Highland,2021-02-28,49,48,37,22,10,8,4,6,7,5,4,5,2,18,8,3,0,10,246,174,72,70.7,29.3
Endoscopy,20210228,S08000024,,NHS Lothian,2021-02-28,185,151,83,67,57,29,37,27,9,33,41,32,38,375,204,106,0,94,1568,572,996,36.5,63.5
Endoscopy,20210228,S08000025,,NHS Orkney,2021-02-28,5,15,6,7,2,1,0,0,0,0,0,1,0,2,0,0,0,1,40,36,4,90,10
Endoscopy,20210228,S08000026,,NHS Shetland,2021-02-28,12,6,4,1,4,0,1,0,0,1,0,1,0,0,0,0,0,0,30,27,3,90,10
Endoscopy,20210228,S08000028,,NHS Western Isles,2021-02-28,10,8,2,2,0,1,0,4,0,0,0,1,0,2,0,2,0,1,33,23,10,69.7,30.3
Endoscopy,20210228,S08000029,,NHS Fife,2021-02-28,23,31,33,11,8,9,6,2,4,7,10,4,2,8,1,3,0,4,166,115,51,69.3,30.7
Endoscopy,20210228,S08000030,,NHS Tayside,2021-02-28,83,89,78,35,18,26,20,15,24,20,31,13,25,119,76,58,0,179,909,329,580,36.2,63.8
Endoscopy,20210228,S08000031,,NHS Greater Glasgow and Clyde,2021-02-28,376,358,272,145,107,76,95,66,30,54,85,73,65,649,533,629,0,257,3870,1334,2536,34.5,65.5
Endoscopy,20210228,S08000032,,NHS Lanarkshire,2021-02-28,198,158,144,116,65,68,61,36,15,30,46,46,51,239,58,30,0,6,1367,749,618,54.8,45.2
Endoscopy,20210228,SB0801,,The<a0>Golden Jubilee National Hospital,2021-02-28,0,0,0,0,0,0,0,0,0,0,0,0,0,0,0,0,0,0,0,0,0,NA,NA
Endoscopy,20210331,S08000015,,NHS Ayrshire and Arran,2021-03-31,75,81,76,59,52,42,28,22,8,19,19,22,7,172,209,112,0,371,1374,385,989,28,72
Endoscopy,20210331,S08000016,,NHS Borders,2021-03-31,46,13,21,17,15,10,4,8,4,2,5,0,2,14,0,2,0,0,163,122,41,74.8,25.2
Endoscopy,20210331,S08000017,,NHS Dumfries and Galloway,2021-03-31,46,34,18,3,1,2,0,2,0,0,1,0,0,0,0,0,0,0,107,104,3,97.2,2.8
Endoscopy,20210331,S08000019,,NHS Forth Valley,2021-03-31,33,26,31,8,6,2,4,2,1,2,1,1,0,29,14,14,0,23,197,106,91,53.8,46.2
Endoscopy,20210331,S08000020,,NHS Grampian,2021-03-31,90,75,57,45,28,14,13,16,8,4,12,13,0,116,57,45,0,82,675,309,366,45.8,54.2
Endoscopy,20210331,S08000022,,NHS Highland,2021-03-31,57,45,22,33,6,17,8,9,4,6,0,4,5,16,9,5,0,5,251,180,71,71.7,28.3
Endoscopy,20210331,S08000024,,NHS Lothian,2021-03-31,185,165,153,98,55,43,54,29,47,38,35,29,16,320,237,75,0,84,1663,699,964,42,58
Endoscopy,20210331,S08000025,,NHS Orkney,2021-03-31,11,5,6,0,2,8,6,5,4,1,0,0,0,3,0,0,0,0,51,32,19,62.7,37.3
Endoscopy,20210331,S08000026,,NHS Shetland,2021-03-31,7,4,4,3,3,0,1,0,2,0,0,1,0,1,0,0,0,0,26,21,5,80.8,19.2
Endoscopy,20210331,S08000028,,NHS Western Isles,2021-03-31,8,8,5,1,0,1,1,0,0,1,0,1,0,3,0,0,0,3,32,23,9,71.9,28.1
Endoscopy,20210331,S08000029,,NHS Fife,2021-03-31,52,35,22,11,13,8,2,4,8,8,4,3,0,10,3,2,0,4,189,141,48,74.6,25.4
Endoscopy,20210331,S08000030,,NHS Tayside,2021-03-31,82,116,82,63,25,37,33,19,18,18,26,21,8,148,79,44,0,208,1027,405,622,39.4,60.6
Endoscopy,20210331,S08000031,,NHS Greater Glasgow and Clyde,2021-03-31,419,324,360,236,185,142,102,106,62,65,69,77,29,619,533,381,0,537,4246,1666,2580,39.2,60.8
Endoscopy,20210331,S08000032,,NHS Lanarkshire,2021-03-31,218,207,166,109,97,65,66,58,41,48,47,41,24,277,92,25,0,15,1596,862,734,54,46
Endoscopy,20210331,SB0801,,The<a0>Golden Jubilee National Hospital,2021-03-31,0,0,0,0,0,0,0,0,0,0,0,0,0,0,0,0,0,0,0,0,0,NA,NA
Endoscopy,20210430,S08000015,,NHS Ayrshire and Arran,2021-04-30,104,110,83,31,34,37,29,25,13,16,6,11,8,158,201,142,0,370,1378,399,979,29,71
Endoscopy,20210430,S08000016,,NHS Borders,2021-04-30,30,8,19,18,22,17,15,3,1,2,0,3,3,19,2,2,0,0,164,114,50,69.5,30.5
Endoscopy,20210430,S08000017,,NHS Dumfries and Galloway,2021-04-30,58,46,10,1,5,2,0,0,0,0,0,0,0,0,0,0,0,0,122,122,0,100,0
Endoscopy,20210430,S08000019,,NHS Forth Valley,2021-04-30,28,37,8,6,2,0,2,3,2,3,2,1,0,20,16,12,0,20,162,81,81,50,50
Endoscopy,20210430,S08000020,,NHS Grampian,2021-04-30,94,110,58,27,25,11,16,20,8,8,10,3,10,102,72,44,0,102,720,325,395,45.1,54.9
Endoscopy,20210430,S08000022,,NHS Highland,2021-04-30,74,48,34,21,16,14,4,1,5,3,5,2,1,18,8,2,0,3,259,207,52,79.9,20.1
Endoscopy,20210430,S08000024,,NHS Lothian,2021-04-30,232,187,169,44,46,51,49,57,51,33,49,24,32,294,247,96,0,95,1756,729,1027,41.5,58.5
Endoscopy,20210430,S08000025,,NHS Orkney,2021-04-30,10,16,11,10,0,4,1,3,2,3,8,5,5,6,0,0,0,0,84,51,33,60.7,39.3
Endoscopy,20210430,S08000026,,NHS Shetland,2021-04-30,8,3,2,1,1,0,0,2,0,0,0,1,2,2,0,0,0,0,22,15,7,68.2,31.8
Endoscopy,20210430,S08000028,,NHS Western Isles,2021-04-30,14,7,5,1,1,2,0,0,0,0,0,0,0,4,0,0,0,3,37,30,7,81.1,18.9
Endoscopy,20210430,S08000029,,NHS Fife,2021-04-30,35,50,25,5,11,7,11,6,4,4,3,1,3,15,4,0,0,3,187,133,54,71.1,28.9
Endoscopy,20210430,S08000030,,NHS Tayside,2021-04-30,73,98,56,44,18,39,42,25,33,25,29,38,11,169,81,55,0,219,1055,328,727,31.1,68.9
Endoscopy,20210430,S08000031,,NHS Greater Glasgow and Clyde,2021-04-30,521,393,292,165,233,195,207,149,94,86,82,74,45,620,540,420,0,461,4577,1799,2778,39.3,60.7
Endoscopy,20210430,S08000032,,NHS Lanarkshire,2021-04-30,238,178,178,83,144,126,75,43,48,45,36,47,39,291,128,26,0,16,1741,947,794,54.4,45.6
Endoscopy,20210430,SB0801,,The<a0>Golden Jubilee National Hospital,2021-04-30,0,0,0,0,0,0,0,0,0,0,0,0,0,0,0,0,0,0,0,0,0,NA,NA
Endoscopy,20210531,S08000015,,NHS Ayrshire and Arran,2021-05-31,110,86,56,36,45,37,22,10,15,13,9,8,4,110,173,191,0,351,1276,370,906,29,71
Endoscopy,20210531,S08000016,,NHS Borders,2021-05-31,26,24,13,3,6,0,3,6,3,4,0,1,1,20,4,1,0,0,115,72,43,62.6,37.4
Endoscopy,20210531,S08000017,,NHS Dumfries and Galloway,2021-05-31,58,28,19,13,5,2,0,0,0,0,0,0,0,0,0,0,0,0,125,125,0,100,0
Endoscopy,20210531,S08000019,,NHS Forth Valley,2021-05-31,52,51,15,11,3,6,1,1,2,0,1,1,4,17,15,11,0,21,212,138,74,65.1,34.9
Endoscopy,20210531,S08000020,,NHS Grampian,2021-05-31,84,94,89,45,24,23,16,12,15,6,10,8,11,87,97,42,0,93,756,359,397,47.5,52.5
Endoscopy,20210531,S08000022,,NHS Highland,2021-05-31,60,46,29,15,13,17,8,6,6,3,2,1,3,16,9,2,0,3,239,180,59,75.3,24.7
Endoscopy,20210531,S08000024,,NHS Lothian,2021-05-31,255,203,159,91,74,66,47,27,29,36,44,49,38,300,239,130,0,98,1885,848,1037,45,55
Endoscopy,20210531,S08000025,,NHS Orkney,2021-05-31,13,4,12,11,4,3,3,10,0,4,1,3,1,25,2,0,0,1,97,47,50,48.5,51.5
Endoscopy,20210531,S08000026,,NHS Shetland,2021-05-31,10,1,3,0,1,1,0,0,1,0,1,0,0,4,0,0,0,0,22,16,6,72.7,27.3
Endoscopy,20210531,S08000028,,NHS Western Isles,2021-05-31,8,5,1,2,6,1,0,2,1,1,1,0,0,2,1,0,0,3,34,23,11,67.6,32.4
Endoscopy,20210531,S08000029,,NHS Fife,2021-05-31,42,48,50,15,25,9,8,3,7,3,7,6,5,11,4,0,0,3,246,189,57,76.8,23.2
Endoscopy,20210531,S08000030,,NHS Tayside,2021-05-31,76,114,60,44,34,34,25,32,18,35,38,22,28,158,81,70,0,223,1092,362,730,33.2,66.8
Endoscopy,20210531,S08000031,,NHS Greater Glasgow and Clyde,2021-05-31,424,391,395,268,310,243,166,106,107,115,127,97,76,645,533,455,0,397,4855,2031,2824,41.8,58.2
Endoscopy,20210531,S08000032,,NHS Lanarkshire,2021-05-31,229,193,209,127,97,92,89,65,59,51,37,29,30,318,145,38,0,19,1827,947,880,51.8,48.2
Endoscopy,20210531,SB0801,,The<a0>Golden Jubilee National Hospital,2021-05-31,0,0,0,0,0,0,0,0,0,0,0,0,0,0,0,0,0,0,0,0,0,NA,NA
Endoscopy,20210630,S08000015,,NHS Ayrshire and Arran,2021-06-30,90,94,70,36,24,20,12,12,15,18,9,7,10,92,145,190,0,336,1180,334,846,28.3,71.7
Endoscopy,20210630,S08000016,,NHS Borders,2021-06-30,32,14,21,12,1,4,2,1,2,1,2,3,0,16,11,0,0,1,123,84,39,68.3,31.7
Endoscopy,20210630,S08000017,,NHS Dumfries and Galloway,2021-06-30,71,37,19,19,4,0,0,0,0,0,0,0,0,0,0,0,0,0,150,150,0,100,0
Endoscopy,20210630,S08000019,,NHS Forth Valley,2021-06-30,44,36,33,13,7,4,1,1,0,3,1,0,0,15,14,10,0,23,205,137,68,66.8,33.2
Endoscopy,20210630,S08000020,,NHS Grampian,2021-06-30,113,108,82,67,28,20,32,15,11,8,9,9,8,73,105,54,0,95,837,418,419,49.9,50.1
Endoscopy,20210630,S08000022,,NHS Highland,2021-06-30,57,45,37,24,18,10,8,6,5,12,6,2,2,12,10,5,0,3,262,191,71,72.9,27.1
Endoscopy,20210630,S08000024,,NHS Lothian,2021-06-30,184,157,156,122,81,50,43,41,21,42,23,25,14,316,239,162,0,84,1760,750,1010,42.6,57.4
Endoscopy,20210630,S08000025,,NHS Orkney,2021-06-30,6,6,2,2,4,3,4,4,1,2,1,12,0,31,3,0,0,1,82,23,59,28,72
Endoscopy,20210630,S08000026,,NHS Shetland,2021-06-30,9,6,4,3,0,0,1,0,0,0,0,0,1,4,1,0,0,0,29,22,7,75.9,24.1
Endoscopy,20210630,S08000028,,NHS Western Isles,2021-06-30,11,9,1,2,0,2,0,0,2,3,1,1,0,2,2,0,0,1,37,25,12,67.6,32.4
Endoscopy,20210630,S08000029,,NHS Fife,2021-06-30,48,45,22,19,9,13,15,5,4,5,9,3,5,27,0,0,0,0,229,156,73,68.1,31.9
Endoscopy,20210630,S08000030,,NHS Tayside,2021-06-30,78,95,63,50,35,36,46,42,26,31,27,19,24,209,75,72,0,241,1169,357,812,30.5,69.5
Endoscopy,20210630,S08000031,,NHS Greater Glasgow and Clyde,2021-06-30,425,374,328,330,233,263,265,253,146,128,121,81,78,778,501,402,0,376,5082,1953,3129,38.4,61.6
Endoscopy,20210630,S08000032,,NHS Lanarkshire,2021-06-30,185,183,150,140,87,104,92,83,46,77,24,36,26,301,120,47,0,19,1720,849,871,49.4,50.6
Endoscopy,20210630,SB0801,,The<a0>Golden Jubilee National Hospital,2021-06-30,0,0,0,0,0,0,0,0,0,0,0,0,0,0,0,0,0,0,0,0,0,NA,NA
Endoscopy,20210731,S08000015,,NHS Ayrshire and Arran,2021-07-31,67,60,73,46,33,40,22,11,8,12,10,8,10,93,124,178,0,345,1140,319,821,28,72
Endoscopy,20210731,S08000016,,NHS Borders,2021-07-31,10,12,11,6,4,2,2,2,5,0,4,2,0,14,12,1,0,1,88,45,43,51.1,48.9
Endoscopy,20210731,S08000017,,NHS Dumfries and Galloway,2021-07-31,44,34,35,27,6,5,2,1,0,0,0,0,0,0,0,0,0,0,154,151,3,98.1,1.9
Endoscopy,20210731,S08000019,,NHS Forth Valley,2021-07-31,35,51,34,33,7,2,8,1,5,2,0,1,0,12,14,10,0,14,229,162,67,70.7,29.3
Endoscopy,20210731,S08000020,,NHS Grampian,2021-07-31,89,71,95,58,47,36,38,25,17,9,13,23,6,88,94,69,0,94,872,396,476,45.4,54.6
Endoscopy,20210731,S08000022,,NHS Highland,2021-07-31,42,32,20,13,18,19,17,13,9,7,10,3,3,32,9,4,0,3,254,144,110,56.7,43.3
Endoscopy,20210731,S08000024,,NHS Lothian,2021-07-31,218,180,120,103,53,47,39,38,30,40,35,25,22,314,225,193,0,95,1777,721,1056,40.6,59.4
Endoscopy,20210731,S08000025,,NHS Orkney,2021-07-31,9,7,3,1,0,2,2,4,4,2,2,5,2,43,4,0,0,0,90,22,68,24.4,75.6
Endoscopy,20210731,S08000026,,NHS Shetland,2021-07-31,9,2,2,2,3,1,1,2,0,0,0,0,0,3,1,0,0,0,26,19,7,73.1,26.9
Endoscopy,20210731,S08000028,,NHS Western Isles,2021-07-31,5,2,6,6,4,3,0,1,1,1,0,0,1,7,3,0,0,1,41,26,15,63.4,36.6
Endoscopy,20210731,S08000029,,NHS Fife,2021-07-31,27,38,41,19,13,11,8,9,5,6,7,5,3,40,2,0,0,0,234,149,85,63.7,36.3
Endoscopy,20210731,S08000030,,NHS Tayside,2021-07-31,66,84,91,44,30,30,26,40,34,25,39,30,28,273,78,74,0,260,1252,345,907,27.6,72.4
Endoscopy,20210731,S08000031,,NHS Greater Glasgow and Clyde,2021-07-31,327,337,301,206,245,207,223,231,200,189,143,149,90,797,472,414,0,426,4957,1623,3334,32.7,67.3
Endoscopy,20210731,S08000032,,NHS Lanarkshire,2021-07-31,227,196,183,140,136,91,104,88,55,63,47,42,34,346,132,78,0,23,1985,973,1012,49,51
Endoscopy,20210731,SB0801,,The<a0>Golden Jubilee National Hospital,2021-07-31,0,0,0,0,0,0,0,0,0,0,0,0,0,0,0,0,0,0,0,0,0,NA,NA
Endoscopy,20210831,S08000015,,NHS Ayrshire and Arran,2021-08-31,73,93,84,44,34,13,13,16,13,16,13,8,6,86,90,151,0,361,1114,341,773,30.6,69.4
Endoscopy,20210831,S08000016,,NHS Borders,2021-08-31,28,12,3,9,1,2,1,0,1,1,1,0,4,13,2,2,0,1,81,55,26,67.9,32.1
Endoscopy,20210831,S08000017,,NHS Dumfries and Galloway,2021-08-31,58,39,40,24,8,0,1,1,0,0,0,0,0,0,0,0,0,0,171,169,2,98.8,1.2
Endoscopy,20210831,S08000019,,NHS Forth Valley,2021-08-31,45,76,29,17,10,4,4,2,0,1,2,0,3,11,12,10,0,12,238,181,57,76.1,23.9
Endoscopy,20210831,S08000020,,NHS Grampian,2021-08-31,95,81,56,48,39,30,29,14,11,14,17,17,13,103,73,93,0,95,828,349,479,42.1,57.9
Endoscopy,20210831,S08000022,,NHS Highland,2021-08-31,26,17,18,14,10,6,5,5,12,8,15,13,8,47,5,7,0,4,220,91,129,41.4,58.6
Endoscopy,20210831,S08000024,,NHS Lothian,2021-08-31,223,177,141,111,70,49,31,30,31,30,25,27,28,368,214,207,0,117,1879,771,1108,41,59
Endoscopy,20210831,S08000025,,NHS Orkney,2021-08-31,5,9,2,1,0,3,3,0,1,1,3,2,2,34,18,1,0,0,85,20,65,23.5,76.5
Endoscopy,20210831,S08000026,,NHS Shetland,2021-08-31,8,3,0,2,0,0,0,1,0,0,0,1,0,2,0,0,0,0,17,13,4,76.5,23.5
Endoscopy,20210831,S08000028,,NHS Western Isles,2021-08-31,9,8,0,4,3,1,3,2,3,1,0,1,1,9,2,1,0,1,49,25,24,51,49
Endoscopy,20210831,S08000029,,NHS Fife,2021-08-31,24,39,30,16,7,12,7,13,6,6,5,5,10,48,5,0,0,0,233,128,105,54.9,45.1
Endoscopy,20210831,S08000030,,NHS Tayside,2021-08-31,109,90,76,62,37,23,41,32,20,27,24,30,42,342,88,75,0,285,1403,397,1006,28.3,71.7
Endoscopy,20210831,S08000031,,NHS Greater Glasgow and Clyde,2021-08-31,467,338,247,286,188,171,179,126,160,150,180,166,137,836,442,431,0,516,5020,1697,3323,33.8,66.2
Endoscopy,20210831,S08000032,,NHS Lanarkshire,2021-08-31,212,181,129,101,125,110,102,100,87,66,58,46,21,318,205,73,0,24,1958,858,1100,43.8,56.2
Endoscopy,20210831,SB0801,,The<a0>Golden Jubilee National Hospital,2021-08-31,0,0,0,0,0,0,0,0,0,0,0,0,0,0,0,0,0,0,0,0,0,NA,NA
Endoscopy,20210930,S08000015,,NHS Ayrshire and Arran,2021-09-30,81,85,90,76,48,56,35,21,14,2,7,10,11,105,76,132,0,353,1202,436,766,36.3,63.7
Endoscopy,20210930,S08000016,,NHS Borders,2021-09-30,27,18,8,7,3,2,0,4,2,2,0,1,1,15,3,2,0,1,96,65,31,67.7,32.3
Endoscopy,20210930,S08000017,,NHS Dumfries and Galloway,2021-09-30,61,36,36,16,6,1,1,0,0,0,0,0,0,0,0,0,0,0,157,156,1,99.4,0.6
Endoscopy,20210930,S08000019,,NHS Forth Valley,2021-09-30,17,39,36,15,9,11,5,2,4,0,0,1,1,8,12,9,0,12,181,127,54,70.2,29.8
Endoscopy,20210930,S08000020,,NHS Grampian,2021-09-30,89,76,59,37,30,17,17,13,7,13,9,9,10,117,71,96,0,112,782,308,474,39.4,60.6
Endoscopy,20210930,S08000022,,NHS Highland,2021-09-30,53,22,20,15,7,3,6,5,5,7,5,3,7,63,4,6,0,6,237,120,117,50.6,49.4
Endoscopy,20210930,S08000024,,NHS Lothian,2021-09-30,233,132,146,145,94,32,38,37,27,39,28,23,30,307,266,219,0,165,1961,782,1179,39.9,60.1
Endoscopy,20210930,S08000025,,NHS Orkney,2021-09-30,10,4,2,1,1,6,1,1,0,2,2,0,1,34,19,1,0,0,85,24,61,28.2,71.8
Endoscopy,20210930,S08000026,,NHS Shetland,2021-09-30,10,6,5,3,5,2,0,1,1,0,0,0,0,1,1,0,0,0,35,31,4,88.6,11.4
Endoscopy,20210930,S08000028,,NHS Western Isles,2021-09-30,6,4,6,1,2,3,3,3,0,0,2,1,3,12,2,2,0,1,51,22,29,43.1,56.9
Endoscopy,20210930,S08000029,,NHS Fife,2021-09-30,42,30,20,10,13,8,11,12,3,9,7,10,5,55,15,0,0,0,250,123,127,49.2,50.8
Endoscopy,20210930,S08000030,,NHS Tayside,2021-09-30,95,80,89,46,40,43,23,26,27,22,28,31,31,334,166,69,0,307,1457,393,1064,27,73
Endoscopy,20210930,S08000031,,NHS Greater Glasgow and Clyde,2021-09-30,398,307,233,172,212,190,114,170,153,125,107,93,78,912,474,416,0,626,4780,1512,3268,31.6,68.4
Endoscopy,20210930,S08000032,,NHS Lanarkshire,2021-09-30,173,178,198,152,115,93,95,83,72,82,74,73,56,313,252,65,0,17,2091,909,1182,43.5,56.5
Endoscopy,20210930,SB0801,,The<a0>Golden Jubilee National Hospital,2021-09-30,0,0,0,0,0,0,0,0,0,0,0,0,0,0,0,0,0,0,0,0,0,NA,NA
Endoscopy,20211031,S08000015,,NHS Ayrshire and Arran,2021-10-31,98,109,79,70,75,48,36,23,11,18,20,29,7,94,77,111,0,351,1256,479,777,38.1,61.9
Endoscopy,20211031,S08000016,,NHS Borders,2021-10-31,12,21,17,8,4,3,0,0,5,2,0,3,2,11,9,0,0,2,99,65,34,65.7,34.3
Endoscopy,20211031,S08000017,,NHS Dumfries and Galloway,2021-10-31,47,49,39,26,9,4,1,0,0,1,0,0,0,0,0,0,0,0,176,174,2,98.9,1.1
Endoscopy,20211031,S08000019,,NHS Forth Valley,2021-10-31,38,39,41,24,16,13,2,2,2,3,4,1,2,8,11,7,0,11,224,171,53,76.3,23.7
Endoscopy,20211031,S08000020,,NHS Grampian,2021-10-31,90,80,46,39,34,21,10,11,13,11,11,5,9,103,71,71,0,85,710,310,400,43.7,56.3
Endoscopy,20211031,S08000022,,NHS Highland,2021-10-31,46,44,36,30,11,5,6,3,7,1,2,4,5,55,13,6,0,3,277,172,105,62.1,37.9
Endoscopy,20211031,S08000024,,NHS Lothian,2021-10-31,176,172,199,138,87,63,31,46,55,28,22,26,32,318,277,201,0,226,2097,835,1262,39.8,60.2
Endoscopy,20211031,S08000025,,NHS Orkney,2021-10-31,6,2,2,3,2,3,1,2,2,1,5,2,0,23,34,0,0,0,88,18,70,20.5,79.5
Endoscopy,20211031,S08000026,,NHS Shetland,2021-10-31,12,6,3,7,2,2,1,0,4,0,0,1,0,0,1,0,0,0,39,32,7,82.1,17.9
Endoscopy,20211031,S08000028,,NHS Western Isles,2021-10-31,5,2,2,1,1,3,2,2,2,1,3,0,1,11,6,2,0,1,45,14,31,31.1,68.9
Endoscopy,20211031,S08000029,,NHS Fife,2021-10-31,23,28,38,12,19,21,3,10,10,6,5,12,8,67,25,1,0,0,288,141,147,49,51
Endoscopy,20211031,S08000030,,NHS Tayside,2021-10-31,106,110,70,51,55,40,39,21,29,46,23,23,28,306,136,70,0,325,1478,432,1046,29.2,70.8
Endoscopy,20211031,S08000031,,NHS Greater Glasgow and Clyde,2021-10-31,348,316,263,233,162,124,128,103,144,149,115,123,99,847,513,410,0,705,4782,1446,3336,30.2,69.8
Endoscopy,20211031,S08000032,,NHS Lanarkshire,2021-10-31,216,194,184,183,122,142,121,91,84,45,47,35,37,378,227,39,0,15,2160,1041,1119,48.2,51.8
Endoscopy,20211031,SB0801,,The<a0>Golden Jubilee National Hospital,2021-10-31,0,0,0,0,0,0,0,0,0,0,0,0,0,0,0,0,0,0,0,0,0,NA,NA
Endoscopy,20211130,S08000015,,NHS Ayrshire and Arran,2021-11-30,113,129,77,60,65,59,33,26,24,21,9,14,13,124,83,84,0,338,1272,503,769,39.5,60.5
Endoscopy,20211130,S08000016,,NHS Borders,2021-11-30,31,34,14,8,8,2,2,6,1,1,1,0,4,11,6,1,0,4,134,97,37,72.4,27.6
Endoscopy,20211130,S08000017,,NHS Dumfries and Galloway,2021-11-30,49,41,27,14,8,2,0,0,0,0,0,0,0,0,0,0,0,0,141,141,0,100,0
Endoscopy,20211130,S08000019,,NHS Forth Valley,2021-11-30,33,71,30,23,9,6,4,5,4,3,0,0,0,13,11,9,0,11,232,172,60,74.1,25.9
Endoscopy,20211130,S08000020,,NHS Grampian,2021-11-30,117,108,66,65,49,33,10,10,11,11,5,10,5,86,41,20,0,58,705,438,267,62.1,37.9
Endoscopy,20211130,S08000022,,NHS Highland,2021-11-30,56,34,23,13,15,17,11,13,8,3,4,2,7,32,10,3,0,5,256,158,98,61.7,38.3
Endoscopy,20211130,S08000024,,NHS Lothian,2021-11-30,161,151,195,138,98,42,39,31,31,31,18,29,32,303,284,200,0,275,2058,785,1273,38.1,61.9
Endoscopy,20211130,S08000025,,NHS Orkney,2021-11-30,6,3,0,3,1,0,0,0,2,2,1,1,2,15,29,10,0,0,75,13,62,17.3,82.7
Endoscopy,20211130,S08000026,,NHS Shetland,2021-11-30,7,3,3,0,3,1,1,1,0,0,0,0,2,0,1,0,0,0,22,17,5,77.3,22.7
Endoscopy,20211130,S08000028,,NHS Western Isles,2021-11-30,6,3,5,0,2,0,0,1,0,2,0,1,1,13,7,0,0,2,43,16,27,37.2,62.8
Endoscopy,20211130,S08000029,,NHS Fife,2021-11-30,37,21,17,9,6,4,9,9,11,15,3,12,6,75,29,3,0,0,266,94,172,35.3,64.7
Endoscopy,20211130,S08000030,,NHS Tayside,2021-11-30,95,112,44,58,40,61,17,22,31,23,34,20,23,276,116,61,0,350,1383,410,973,29.6,70.4
Endoscopy,20211130,S08000031,,NHS Greater Glasgow and Clyde,2021-11-30,549,392,228,202,135,148,121,147,159,77,93,90,82,828,562,416,0,701,4930,1654,3276,33.5,66.5
Endoscopy,20211130,S08000032,,NHS Lanarkshire,2021-11-30,218,194,159,171,113,159,109,97,108,55,82,60,62,350,112,26,0,13,2088,1014,1074,48.6,51.4
Endoscopy,20211130,SB0801,,The<a0>Golden Jubilee National Hospital,2021-11-30,0,0,0,0,0,0,0,0,0,0,0,0,0,0,0,0,0,0,0,0,0,NA,NA
Endoscopy,20211231,S08000015,,NHS Ayrshire and Arran,2021-12-31,33,97,100,70,73,80,58,44,34,24,26,16,21,139,91,75,0,328,1309,453,856,34.6,65.4
Endoscopy,20211231,S08000016,,NHS Borders,2021-12-31,8,23,17,12,9,4,2,3,4,0,2,3,2,11,8,2,0,2,112,73,39,65.2,34.8
Endoscopy,20211231,S08000017,,NHS Dumfries and Galloway,2021-12-31,44,31,28,21,9,3,0,0,1,0,0,0,0,0,0,0,0,0,137,136,1,99.3,0.7
Endoscopy,20211231,S08000019,,NHS Forth Valley,2021-12-31,10,43,37,20,18,9,3,6,5,2,1,3,2,14,7,12,0,13,205,137,68,66.8,33.2
Endoscopy,20211231,S08000020,,NHS Grampian,2021-12-31,62,92,98,66,53,51,35,13,11,8,13,6,6,67,43,8,0,56,688,422,266,61.3,38.7
Endoscopy,20211231,S08000022,,NHS Highland,2021-12-31,25,30,51,23,12,16,9,11,8,12,10,10,12,23,9,5,0,6,272,157,115,57.7,42.3
Endoscopy,20211231,S08000024,,NHS Lothian,2021-12-31,49,146,191,142,142,36,44,45,33,19,27,37,19,298,275,232,0,319,2054,706,1348,34.4,65.6
Endoscopy,20211231,S08000025,,NHS Orkney,2021-12-31,1,4,2,0,2,1,1,0,3,0,0,0,0,16,24,12,0,0,66,10,56,15.2,84.8
Endoscopy,20211231,S08000026,,NHS Shetland,2021-12-31,8,4,0,1,3,0,0,0,2,0,1,0,0,2,0,1,0,0,22,16,6,72.7,27.3
Endoscopy,20211231,S08000028,,NHS Western Isles,2021-12-31,6,0,3,0,2,0,0,3,1,1,0,0,0,9,5,1,0,2,33,11,22,33.3,66.7
Endoscopy,20211231,S08000029,,NHS Fife,2021-12-31,20,57,36,18,22,10,12,5,4,2,2,13,4,89,42,13,0,0,349,163,186,46.7,53.3
Endoscopy,20211231,S08000030,,NHS Tayside,2021-12-31,54,100,38,47,36,30,30,28,33,32,44,17,21,234,113,74,0,360,1291,305,986,23.6,76.4
Endoscopy,20211231,S08000031,,NHS Greater Glasgow and Clyde,2021-12-31,274,371,311,193,221,188,161,151,140,84,118,117,103,680,642,472,0,773,4999,1558,3441,31.2,68.8
Endoscopy,20211231,S08000032,,NHS Lanarkshire,2021-12-31,116,222,172,139,132,108,104,128,63,103,84,70,64,412,182,20,0,19,2138,889,1249,41.6,58.4
Endoscopy,20211231,SB0801,,The<a0>Golden Jubilee National Hospital,2021-12-31,0,0,0,0,0,0,0,0,0,0,0,0,0,0,0,0,0,0,0,0,0,NA,NA
Endoscopy,20220131,S08000015,,NHS Ayrshire and Arran,2022-01-31,95,106,98,42,19,65,79,61,49,51,39,26,21,198,87,74,0,314,1424,425,999,29.8,70.2
Endoscopy,20220131,S08000016,,NHS Borders,2022-01-31,36,20,18,3,4,18,6,3,3,2,1,1,3,14,5,5,0,2,144,99,45,68.8,31.2
Endoscopy,20220131,S08000017,,NHS Dumfries and Galloway,2022-01-31,64,40,19,8,1,4,0,0,0,1,0,0,0,0,0,0,0,1,138,136,2,98.6,1.4
Endoscopy,20220131,S08000019,,NHS Forth Valley,2022-01-31,39,29,39,7,6,10,3,1,0,3,2,0,1,16,8,10,0,16,190,130,60,68.4,31.6
Endoscopy,20220131,S08000020,,NHS Grampian,2022-01-31,129,96,61,33,37,42,34,20,23,17,10,10,7,50,30,6,0,47,652,398,254,61,39
Endoscopy,20220131,S08000022,,NHS Highland,2022-01-31,52,38,37,22,7,13,10,7,12,7,10,3,7,46,11,5,0,5,292,169,123,57.9,42.1
Endoscopy,20220131,S08000024,,NHS Lothian,2022-01-31,153,157,156,104,31,43,44,42,39,27,24,37,22,280,265,235,0,355,2014,644,1370,32,68
Endoscopy,20220131,S08000025,,NHS Orkney,2022-01-31,7,6,6,4,0,0,2,1,2,1,0,0,1,9,16,24,0,1,80,23,57,28.7,71.2
Endoscopy,20220131,S08000026,,NHS Shetland,2022-01-31,5,5,3,3,2,2,0,0,2,0,0,0,1,3,0,1,0,0,27,20,7,74.1,25.9
Endoscopy,20220131,S08000028,,NHS Western Isles,2022-01-31,9,8,6,0,0,0,2,1,1,0,0,2,0,4,3,3,0,1,40,23,17,57.5,42.5
Endoscopy,20220131,S08000029,,NHS Fife,2022-01-31,35,35,25,10,6,13,12,8,13,10,8,6,5,87,49,17,0,1,340,124,216,36.5,63.5
Endoscopy,20220131,S08000030,,NHS Tayside,2022-01-31,90,70,35,20,19,35,20,31,25,27,29,27,25,191,92,79,0,359,1174,269,905,22.9,77.1
Endoscopy,20220131,S08000031,,NHS Greater Glasgow and Clyde,2022-01-31,609,373,242,103,65,144,187,154,144,169,168,91,83,690,661,439,0,905,5227,1536,3691,29.4,70.6
Endoscopy,20220131,S08000032,,NHS Lanarkshire,2022-01-31,215,144,95,76,63,87,90,89,97,79,78,73,49,499,231,41,0,9,2015,680,1335,33.7,66.3
Endoscopy,20220131,SB0801,,The<a0>Golden Jubilee National Hospital,2022-01-31,0,0,0,0,0,0,0,0,0,0,0,0,0,0,0,0,0,0,0,0,0,NA,NA
Endoscopy,20220228,S08000015,,NHS Ayrshire and Arran,2022-02-28,95,81,71,60,60,70,70,23,13,42,29,17,28,204,114,76,0,308,1361,437,924,32.1,67.9
Endoscopy,20220228,S08000016,,NHS Borders,2022-02-28,41,27,14,14,11,7,3,0,0,5,1,1,2,13,8,6,0,4,157,114,43,72.6,27.4
Endoscopy,20220228,S08000017,,NHS Dumfries and Galloway,2022-02-28,41,31,17,17,10,0,2,1,0,0,0,0,0,0,0,0,0,0,119,116,3,97.5,2.5
Endoscopy,20220228,S08000019,,NHS Forth Valley,2022-02-28,32,50,42,18,7,5,4,1,0,4,0,0,0,14,10,10,0,18,215,154,61,71.6,28.4
Endoscopy,20220228,S08000020,,NHS Grampian,2022-02-28,122,85,69,86,61,42,11,9,8,7,6,7,10,47,28,10,0,43,651,465,186,71.4,28.6
Endoscopy,20220228,S08000022,,NHS Highland,2022-02-28,73,35,27,27,12,13,14,12,5,8,7,6,9,56,10,5,0,5,324,187,137,57.7,42.3
Endoscopy,20220228,S08000024,,NHS Lothian,2022-02-28,110,112,192,163,73,38,33,13,10,13,22,15,23,268,241,248,0,366,1940,688,1252,35.5,64.5
Endoscopy,20220228,S08000025,,NHS Orkney,2022-02-28,5,11,3,5,1,1,2,0,0,0,2,1,2,7,14,19,0,6,79,26,53,32.9,67.1
Endoscopy,20220228,S08000026,,NHS Shetland,2022-02-28,8,7,9,1,2,1,1,1,2,0,0,0,1,3,0,1,0,0,37,28,9,75.7,24.3
Endoscopy,20220228,S08000028,,NHS Western Isles,2022-02-28,5,2,6,1,1,2,2,0,0,0,1,0,1,3,2,1,0,1,28,17,11,60.7,39.3
Endoscopy,20220228,S08000029,,NHS Fife,2022-02-28,40,47,26,22,13,13,12,7,3,12,10,7,9,85,58,22,0,3,389,161,228,41.4,58.6
Endoscopy,20220228,S08000030,,NHS Tayside,2022-02-28,87,91,66,66,33,23,21,15,16,27,14,24,21,163,92,70,0,369,1198,366,832,30.6,69.4
Endoscopy,20220228,S08000031,,NHS Greater Glasgow and Clyde,2022-02-28,510,347,362,285,245,154,150,66,38,112,141,114,86,621,676,474,0,980,5361,1903,3458,35.5,64.5
Endoscopy,20220228,S08000032,,NHS Lanarkshire,2022-02-28,281,192,199,179,91,59,26,44,34,70,64,66,72,494,178,24,0,6,2079,1001,1078,48.1,51.9
Endoscopy,20220228,SB0801,,The<a0>Golden Jubilee National Hospital,2022-02-28,0,0,0,0,0,0,0,0,0,0,0,0,0,0,0,0,0,0,0,0,0,NA,NA
Endoscopy,20220331,S08000015,,NHS Ayrshire and Arran,2022-03-31,89,100,61,83,42,45,53,41,18,33,36,12,6,192,124,75,0,289,1299,420,879,32.3,67.7
Endoscopy,20220331,S08000016,,NHS Borders,2022-03-31,34,10,12,19,7,5,3,6,0,2,1,1,0,13,9,7,0,5,134,87,47,64.9,35.1
Endoscopy,20220331,S08000017,,NHS Dumfries and Galloway,2022-03-31,50,39,21,16,4,3,0,0,0,0,0,0,0,1,0,0,0,0,134,133,1,99.3,0.7
Endoscopy,20220331,S08000019,,NHS Forth Valley,2022-03-31,34,45,27,8,7,4,3,2,0,1,1,1,0,8,10,7,0,21,179,125,54,69.8,30.2
Endoscopy,20220331,S08000020,,NHS Grampian,2022-03-31,65,56,54,42,35,31,34,16,14,13,10,8,4,42,23,18,0,43,508,283,225,55.7,44.3
Endoscopy,20220331,S08000022,,NHS Highland,2022-03-31,59,40,46,27,18,28,12,9,11,7,11,16,1,69,8,6,0,6,374,218,156,58.3,41.7
Endoscopy,20220331,S08000024,,NHS Lothian,2022-03-31,138,116,132,133,68,43,48,33,33,20,21,19,11,221,238,209,0,395,1878,630,1248,33.5,66.5
Endoscopy,20220331,S08000025,,NHS Orkney,2022-03-31,12,10,4,6,0,2,4,3,1,0,2,1,0,7,8,16,0,6,82,34,48,41.5,58.5
Endoscopy,20220331,S08000026,,NHS Shetland,2022-03-31,9,3,9,1,2,2,2,0,1,0,0,1,1,1,2,0,0,1,35,26,9,74.3,25.7
Endoscopy,20220331,S08000028,,NHS Western Isles,2022-03-31,7,7,5,4,2,1,1,0,0,1,1,0,0,1,2,0,0,1,33,26,7,78.8,21.2
Endoscopy,20220331,S08000029,,NHS Fife,2022-03-31,61,56,32,14,14,5,16,12,3,7,3,5,1,59,76,34,0,7,405,182,223,44.9,55.1
Endoscopy,20220331,S08000030,,NHS Tayside,2022-03-31,116,103,97,66,44,35,18,20,32,19,10,17,6,110,88,63,0,378,1222,461,761,37.7,62.3
Endoscopy,20220331,S08000031,,NHS Greater Glasgow and Clyde,2022-03-31,502,412,293,281,224,166,184,199,193,142,98,72,21,647,519,566,0,1114,5633,1878,3755,33.3,66.7
Endoscopy,20220331,S08000032,,NHS Lanarkshire,2022-03-31,205,188,193,199,165,126,94,144,39,36,20,17,29,394,161,33,0,9,2052,1076,976,52.4,47.6
Endoscopy,20220331,SB0801,,The<a0>Golden Jubilee National Hospital,2022-03-31,0,0,0,0,0,0,0,0,0,0,0,0,0,0,0,0,0,0,0,0,0,NA,NA
Endoscopy,20220430,S08000015,,NHS Ayrshire and Arran,2022-04-30,92,71,53,58,58,57,41,45,29,38,27,15,17,154,159,69,0,287,1270,389,881,30.6,69.4
Endoscopy,20220430,S08000016,,NHS Borders,2022-04-30,19,23,21,18,16,5,3,7,2,1,2,4,0,9,8,2,0,7,147,102,45,69.4,30.6
Endoscopy,20220430,S08000017,,NHS Dumfries and Galloway,2022-04-30,53,22,31,12,4,1,0,1,0,0,0,0,0,0,0,0,0,0,124,123,1,99.2,0.8
Endoscopy,20220430,S08000019,,NHS Forth Valley,2022-04-30,27,28,36,12,14,6,2,0,1,0,0,1,0,5,15,6,0,20,173,123,50,71.1,28.9
Endoscopy,20220430,S08000020,,NHS Grampian,2022-04-30,75,89,66,51,35,17,16,8,5,10,9,8,5,42,23,17,0,41,517,333,184,64.4,35.6
Endoscopy,20220430,S08000022,,NHS Highland,2022-04-30,38,34,30,36,23,26,17,19,18,9,4,7,9,61,22,7,0,6,366,187,179,51.1,48.9
Endoscopy,20220430,S08000024,,NHS Lothian,2022-04-30,125,121,131,116,71,56,44,30,34,26,22,24,23,200,240,210,0,401,1874,620,1254,33.1,66.9
Endoscopy,20220430,S08000025,,NHS Orkney,2022-04-30,2,10,16,1,2,6,3,1,1,0,3,0,1,6,6,12,0,9,79,37,42,46.8,53.2
Endoscopy,20220430,S08000026,,NHS Shetland,2022-04-30,10,6,4,4,2,1,1,0,2,1,0,0,0,0,2,0,0,0,33,27,6,81.8,18.2
Endoscopy,20220430,S08000028,,NHS Western Isles,2022-04-30,16,4,1,5,10,5,0,6,2,1,1,0,0,3,1,1,0,1,57,41,16,71.9,28.1
Endoscopy,20220430,S08000029,,NHS Fife,2022-04-30,49,46,36,22,13,17,13,11,9,5,8,14,6,54,80,37,0,12,432,183,249,42.4,57.6
Endoscopy,20220430,S08000030,,NHS Tayside,2022-04-30,105,79,59,44,39,58,24,29,20,15,12,10,10,86,102,52,0,392,1136,384,752,33.8,66.2
Endoscopy,20220430,S08000031,,NHS Greater Glasgow and Clyde,2022-04-30,472,306,248,314,229,187,208,179,177,151,115,147,151,676,526,569,0,1225,5880,1756,4124,29.9,70.1
Endoscopy,20220430,S08000032,,NHS Lanarkshire,2022-04-30,240,207,141,125,136,130,112,114,95,114,55,100,42,258,185,56,0,0,2110,979,1131,46.4,53.6
Endoscopy,20220430,SB0801,,The<a0>Golden Jubilee National Hospital,2022-04-30,0,0,0,0,0,0,0,0,0,0,0,0,0,0,0,0,0,0,0,0,0,NA,NA
Endoscopy,20220531,S08000015,,NHS Ayrshire and Arran,2022-05-31,102,62,58,49,44,43,25,31,31,38,25,11,10,102,141,71,0,223,1066,358,708,33.6,66.4
Endoscopy,20220531,S08000016,,NHS Borders,2022-05-31,26,30,16,8,13,7,6,3,4,1,2,1,1,8,5,4,0,7,142,100,42,70.4,29.6
Endoscopy,20220531,S08000017,,NHS Dumfries and Galloway,2022-05-31,65,30,17,11,1,1,1,0,0,0,0,0,2,0,0,0,0,0,128,125,3,97.7,2.3
Endoscopy,20220531,S08000019,,NHS Forth Valley,2022-05-31,49,47,16,10,4,3,4,0,2,3,5,0,0,4,10,9,0,22,188,129,59,68.6,31.4
Endoscopy,20220531,S08000020,,NHS Grampian,2022-05-31,97,96,79,49,30,25,7,15,9,7,10,4,2,40,27,20,0,42,559,376,183,67.3,32.7
Endoscopy,20220531,S08000022,,NHS Highland,2022-05-31,58,64,20,19,10,17,12,27,21,14,12,17,14,65,26,7,0,4,407,188,219,46.2,53.8
Endoscopy,20220531,S08000024,,NHS Lothian,2022-05-31,101,119,116,75,72,58,26,40,20,22,29,17,34,198,216,208,0,396,1747,541,1206,31,69
Endoscopy,20220531,S08000025,,NHS Orkney,2022-05-31,11,3,6,14,6,1,3,3,0,4,4,1,2,8,5,8,0,14,93,41,52,44.1,55.9
Endoscopy,20220531,S08000026,,NHS Shetland,2022-05-31,11,7,5,3,2,2,1,1,1,1,0,0,0,1,2,0,0,0,37,30,7,81.1,18.9
Endoscopy,20220531,S08000028,,NHS Western Isles,2022-05-31,12,6,3,4,2,3,0,4,2,1,1,3,1,2,0,1,0,1,46,30,16,65.2,34.8
Endoscopy,20220531,S08000029,,NHS Fife,2022-05-31,77,33,26,15,6,9,4,7,9,8,6,9,5,58,62,47,0,19,400,166,234,41.5,58.5
Endoscopy,20220531,S08000030,,NHS Tayside,2022-05-31,108,130,70,69,29,33,14,12,10,19,12,15,12,92,84,63,0,347,1119,439,680,39.2,60.8
Endoscopy,20220531,S08000031,,NHS Greater Glasgow and Clyde,2022-05-31,474,457,396,308,195,214,97,214,185,138,149,111,92,707,517,573,0,1303,6130,2044,4086,33.3,66.7
Endoscopy,20220531,S08000032,,NHS Lanarkshire,2022-05-31,326,177,156,102,141,137,50,79,93,91,104,97,74,314,198,50,0,13,2202,1039,1163,47.2,52.8
Endoscopy,20220531,SB0801,,The<a0>Golden Jubilee National Hospital,2022-05-31,0,0,0,0,0,0,0,0,0,0,0,0,0,0,0,0,0,0,0,0,0,NA,NA
Endoscopy,20220630,S08000015,,NHS Ayrshire and Arran,2022-06-30,72,75,59,35,54,38,33,41,28,19,13,7,14,68,109,68,0,199,932,333,599,35.7,64.3
Endoscopy,20220630,S08000016,,NHS Borders,2022-06-30,19,23,22,12,24,17,6,4,5,4,3,0,2,9,6,5,0,9,170,117,53,68.8,31.2
Endoscopy,20220630,S08000017,,NHS Dumfries and Galloway,2022-06-30,62,28,31,6,6,0,1,0,0,0,0,0,0,0,0,0,0,0,134,133,1,99.3,0.7
Endoscopy,20220630,S08000019,,NHS Forth Valley,2022-06-30,27,37,37,17,4,8,2,3,2,1,0,0,1,11,6,10,0,25,191,130,61,68.1,31.9
Endoscopy,20220630,S08000020,,NHS Grampian,2022-06-30,73,116,87,64,42,38,19,16,14,11,7,8,10,35,31,18,0,47,636,420,216,66,34
Endoscopy,20220630,S08000022,,NHS Highland,2022-06-30,56,43,36,19,5,37,21,10,12,14,8,22,21,100,24,3,0,3,434,196,238,45.2,54.8
Endoscopy,20220630,S08000024,,NHS Lothian,2022-06-30,106,96,123,80,56,48,30,30,19,27,16,29,19,233,185,204,0,412,1713,509,1204,29.7,70.3
Endoscopy,20220630,S08000025,,NHS Orkney,2022-06-30,9,2,3,1,2,0,1,4,0,1,4,3,0,15,4,6,0,13,68,17,51,25,75
Endoscopy,20220630,S08000026,,NHS Shetland,2022-06-30,9,7,1,0,1,0,1,1,2,1,0,0,0,1,1,0,0,0,25,18,7,72,28
Endoscopy,20220630,S08000028,,NHS Western Isles,2022-06-30,8,3,9,4,4,4,4,3,3,4,1,1,3,7,1,1,0,1,61,32,29,52.5,47.5
Endoscopy,20220630,S08000029,,NHS Fife,2022-06-30,54,34,16,10,16,6,6,4,6,5,6,4,8,61,46,63,0,27,372,136,236,36.6,63.4
Endoscopy,20220630,S08000030,,NHS Tayside,2022-06-30,121,95,109,58,51,55,32,26,16,19,8,10,12,106,80,60,0,261,1119,489,630,43.7,56.3
Endoscopy,20220630,S08000031,,NHS Greater Glasgow and Clyde,2022-06-30,552,411,359,237,241,269,260,232,127,180,81,107,102,735,542,464,0,1445,6344,2069,4275,32.6,67.4
Endoscopy,20220630,S08000032,,NHS Lanarkshire,2022-06-30,282,207,124,144,101,117,72,83,90,96,99,76,58,475,153,63,0,17,2257,975,1282,43.2,56.8
Endoscopy,20220630,SB0801,,The<a0>Golden Jubilee National Hospital,2022-06-30,0,0,0,0,0,0,0,0,0,0,0,0,0,0,0,0,0,0,0,0,0,NA,NA
