MonthEnding,HB,DiagnosticTestType,NumberOnListQF,HBName,Date,0-7 days,8-14 days,15-21days,22-28 days,29-35 days,36-42 days,43-49 days,50-56 days,57-63 days,64-70 days,71-77 days,78-84 days,85-91 days,92-182 days,183-273 days,274-364 days,365 days and over,Total,Within 6 weeks,Over 6 weeks,% on target,% not on target
20190331,S92000003,Imaging,,Scotland,2019-03-31,3719,3549,3359,2690,1883,1273,567,444,306,299,200,156,52,0,0,0,0,18497,16473,2024,89.1,10.9
20190430,S92000003,Imaging,,Scotland,2019-04-30,3871,3368,3391,2708,2356,1600,800,539,491,304,219,111,98,0,0,0,0,19856,17294,2562,87.1,12.9
20190531,S92000003,Imaging,,Scotland,2019-05-31,3835,3309,3131,1938,1884,1074,937,468,436,379,292,224,199,0,0,0,0,18106,15171,2935,83.8,16.2
20190630,S92000003,Imaging,,Scotland,2019-06-30,3691,3475,3257,2156,2028,1312,861,528,466,393,320,250,231,0,0,0,0,18968,15919,3049,83.9,16.1
20190731,S92000003,Imaging,,Scotland,2019-07-31,3606,2989,2743,2154,1747,1592,1268,827,648,486,400,284,184,0,0,0,0,18928,14831,4097,78.4,21.6
20190831,S92000003,Imaging,,Scotland,2019-08-31,4007,3572,2904,1914,1561,1253,890,691,604,534,404,374,300,0,0,0,0,19008,15211,3797,80,20
20190930,S92000003,Imaging,,Scotland,2019-09-30,3961,3058,3035,2481,1837,1234,751,646,541,477,324,306,217,0,0,0,0,18868,15606,3262,82.7,17.3
20191031,S92000003,Imaging,,Scotland,2019-10-31,3760,3287,2876,2426,1789,1543,1164,917,635,517,355,283,230,0,0,0,0,19782,15681,4101,79.3,20.7
20191130,S92000003,Imaging,,Scotland,2019-11-30,4110,3706,3163,2293,1870,1497,930,983,656,460,334,231,150,0,0,0,0,20383,16639,3744,81.6,18.4
20191231,S92000003,Imaging,,Scotland,2019-12-31,1840,2839,3635,3033,2306,2053,1491,1147,897,589,313,156,136,0,0,0,0,20435,15706,4729,76.9,23.1
20200131,S92000003,Imaging,,Scotland,2020-01-31,4298,3793,3537,2189,773,837,1447,1018,701,457,279,254,163,0,0,0,0,19746,15427,4319,78.1,21.9
20200229,S92000003,Imaging,,Scotland,2020-02-29,3878,3579,2667,2333,1743,1190,816,526,163,192,294,201,140,0,0,0,0,17722,15390,2332,86.8,13.2
20200331,S92000003,Imaging,y,Scotland,2020-03-31,1071,1097,1878,1723,1183,976,757,623,508,401,366,244,135,0,0,0,0,10962,7928,3034,72.3,27.7
20200430,S92000003,Imaging,y,Scotland,2020-04-30,801,602,393,560,637,726,1273,1446,1173,1021,732,555,442,0,0,0,0,10361,3719,6642,35.9,64.1
20200531,S92000003,Imaging,,Scotland,2020-05-31,1477,1205,873,620,541,463,425,543,588,769,1163,1719,1814,0,0,0,0,12200,5179,7021,42.5,57.5
20200630,S92000003,Imaging,,Scotland,2020-06-30,1971,1614,1181,972,698,643,454,424,373,404,346,371,524,0,0,0,0,9975,7079,2896,71,29
20200731,S92000003,Imaging,,Scotland,2020-07-31,2185,1948,1520,1200,849,676,594,502,413,353,319,330,242,0,0,0,0,11131,8378,2753,75.3,24.7
20200831,S92000003,Imaging,,Scotland,2020-08-31,2763,2450,1723,1012,829,578,478,420,343,234,209,172,138,0,0,0,0,11349,9355,1994,82.4,17.6
20200930,S92000003,Imaging,,Scotland,2020-09-30,2613,2584,2162,1438,923,759,568,327,220,149,133,97,101,649,830,346,121,14020,10479,3541,74.7,25.3
20201031,S92000003,Imaging,,Scotland,2020-10-31,2837,2457,1846,1562,995,735,433,364,233,131,112,70,66,550,435,462,142,13430,10432,2998,77.7,22.3
20201130,S92000003,Imaging,,Scotland,2020-11-30,3015,2847,2389,1615,994,587,358,262,185,154,123,111,100,469,315,365,164,14053,11447,2606,81.5,18.5
20201231,S92000003,Imaging,,Scotland,2020-12-31,1474,2506,2822,1996,1261,817,626,408,243,183,135,101,103,524,226,388,224,14037,10876,3161,77.5,22.5
20210131,S92000003,Imaging,,Scotland,2021-01-31,3103,2490,1955,991,556,750,890,674,427,269,211,151,121,550,213,262,292,13905,9845,4060,70.8,29.2
20210228,S92000003,Imaging,,Scotland,2021-02-28,3535,2877,1832,1421,898,715,533,288,182,193,233,159,108,583,199,179,303,14238,11278,2960,79.2,20.8
20210331,S92000003,Imaging,,Scotland,2021-03-31,3502,3206,2440,1830,1182,765,496,389,243,142,97,102,50,495,178,91,266,15474,12925,2549,83.5,16.5
20210430,S92000003,Imaging,,Scotland,2021-04-30,3373,3331,2627,1448,1487,1100,730,493,327,205,93,82,67,419,166,92,209,16249,13366,2883,82.3,17.7
20210531,S92000003,Imaging,,Scotland,2021-05-31,3596,3413,3334,1951,1465,1113,592,420,329,321,198,114,80,387,164,84,177,17738,14872,2866,83.8,16.2
20210630,S92000003,Imaging,,Scotland,2021-06-30,3535,3602,3312,2169,1837,1332,892,679,415,331,269,150,93,422,159,90,153,19440,15787,3653,81.2,18.8
20210731,S92000003,Imaging,,Scotland,2021-07-31,2878,2863,2745,2271,1803,1475,1075,724,444,445,322,318,224,487,148,84,132,18438,14035,4403,76.1,23.9
20210831,S92000003,Imaging,,Scotland,2021-08-31,3680,3237,2656,2045,1565,1064,879,614,496,424,326,305,228,669,118,87,126,18519,14247,4272,76.9,23.1
20210930,S92000003,Imaging,,Scotland,2021-09-30,3608,3463,3340,2581,1793,1395,857,475,401,294,275,233,276,855,108,71,111,20136,16180,3956,80.4,19.6
20211031,S92000003,Imaging,,Scotland,2021-10-31,3807,3256,2978,2535,1740,1291,934,650,548,465,349,238,217,865,128,57,77,20135,15607,4528,77.5,22.5
20211130,S92000003,Imaging,,Scotland,2021-11-30,3872,3727,3318,2672,2120,1424,912,553,475,418,359,343,264,1079,126,44,34,21740,17133,4607,78.8,21.2
20211231,S92000003,Imaging,,Scotland,2021-12-31,1651,3342,3512,2948,2503,1949,1695,1313,835,663,464,294,336,1717,174,18,20,23434,15905,7529,67.9,32.1
20220131,S92000003,Imaging,,Scotland,2022-01-31,3712,3706,3211,1556,946,1642,1532,1409,1150,805,552,513,425,2113,177,39,10,23498,14773,8725,62.9,37.1
20220228,S92000003,Imaging,,Scotland,2022-02-28,3647,3508,3661,2680,2144,1760,1184,574,499,812,736,646,417,2440,165,19,12,24904,17400,7504,69.9,30.1
20220331,S92000003,Imaging,,Scotland,2022-03-31,3802,3526,3273,2666,2152,2053,1554,1475,1192,931,661,385,158,2479,193,10,1,26511,17472,9039,65.9,34.1
20220430,S92000003,Imaging,b,Scotland,2022-04-30,3681,2766,2519,2638,2629,1893,1620,1487,1378,1309,903,874,515,2474,214,18,1,26919,16126,10793,59.9,40.1
20220531,S92000003,Imaging,,Scotland,2022-05-31,3862,3539,3059,2201,1857,1495,1204,1315,1573,1252,1053,925,810,2973,211,16,0,27345,16013,11332,58.6,41.4
20220630,S92000003,Imaging,,Scotland,2022-06-30,3853,3376,2958,2413,2319,1980,1611,1326,1252,1029,875,953,877,3550,336,19,0,28727,16899,11828,58.8,41.2
20190331,S08000015,Imaging,,NHS Ayrshire and Arran,2019-03-31,235,285,208,208,188,121,93,72,48,36,31,25,11,0,0,0,0,1561,1245,316,79.8,20.2
20190331,S08000016,Imaging,,NHS Borders,2019-03-31,54,90,50,42,41,27,10,1,0,0,0,0,0,0,0,0,0,315,304,11,96.5,3.5
20190331,S08000017,Imaging,,NHS Dumfries and Galloway,2019-03-31,97,120,81,74,80,61,39,14,4,2,0,1,3,0,0,0,0,576,513,63,89.1,10.9
20190331,S08000019,Imaging,,NHS Forth Valley,2019-03-31,215,167,160,136,69,80,2,0,0,0,0,0,0,0,0,0,0,829,827,2,99.8,0.2
20190331,S08000020,Imaging,,NHS Grampian,2019-03-31,357,272,317,348,281,270,200,246,219,241,161,126,38,0,0,0,0,3076,1845,1231,60,40
20190331,S08000022,Imaging,,NHS Highland,2019-03-31,150,116,76,52,59,46,13,2,1,0,0,0,0,0,0,0,0,515,499,16,96.9,3.1
20190331,S08000024,Imaging,,NHS Lothian,2019-03-31,459,617,514,370,218,100,43,28,16,7,2,1,0,0,0,0,0,2375,2278,97,95.9,4.1
20190331,S08000025,Imaging,,NHS Orkney,2019-03-31,0,0,0,0,0,0,0,0,0,0,0,0,0,0,0,0,0,0,0,0,NA,NA
20190331,S08000026,Imaging,,NHS Shetland,2019-03-31,0,0,0,0,0,0,0,0,0,0,0,0,0,0,0,0,0,0,0,0,NA,NA
20190331,S08000028,Imaging,,NHS Western Isles,2019-03-31,1,0,0,1,6,10,5,2,0,0,0,0,0,0,0,0,0,25,18,7,72,28
20190331,S08000029,Imaging,,NHS Fife,2019-03-31,258,207,186,163,65,19,0,0,0,0,0,0,0,0,0,0,0,898,898,0,100,0
20190331,S08000030,Imaging,,NHS Tayside,2019-03-31,323,297,265,199,73,30,7,5,4,3,1,1,0,0,0,0,0,1208,1187,21,98.3,1.7
20190331,S08000031,Imaging,,NHS Greater Glasgow and Clyde,2019-03-31,1171,948,724,543,484,319,152,73,14,10,5,2,0,0,0,0,0,4445,4189,256,94.2,5.8
20190331,S08000032,Imaging,,NHS Lanarkshire,2019-03-31,387,253,248,201,124,75,0,0,0,0,0,0,0,0,0,0,0,1288,1288,0,100,0
20190331,SB0801,Imaging,,The<a0>Golden Jubilee National Hospital,2019-03-31,12,177,530,353,195,115,3,1,0,0,0,0,0,0,0,0,0,1386,1382,4,99.7,0.3
20190430,S08000015,Imaging,,NHS Ayrshire and Arran,2019-04-30,248,159,223,206,207,164,150,81,82,45,22,31,36,0,0,0,0,1654,1207,447,73,27
20190430,S08000016,Imaging,,NHS Borders,2019-04-30,105,74,41,59,61,47,12,7,7,2,0,1,1,0,0,0,0,417,387,30,92.8,7.2
20190430,S08000017,Imaging,,NHS Dumfries and Galloway,2019-04-30,99,64,71,98,50,70,35,14,7,7,0,0,0,0,0,0,0,515,452,63,87.8,12.2
20190430,S08000019,Imaging,,NHS Forth Valley,2019-04-30,220,136,115,84,89,69,5,0,0,0,0,0,0,0,0,0,0,718,713,5,99.3,0.7
20190430,S08000020,Imaging,,NHS Grampian,2019-04-30,536,338,309,252,221,216,180,278,289,214,176,70,49,0,0,0,0,3128,1872,1256,59.8,40.2
20190430,S08000022,Imaging,,NHS Highland,2019-04-30,147,55,65,93,65,38,6,2,0,0,1,1,0,0,0,0,0,473,463,10,97.9,2.1
20190430,S08000024,Imaging,,NHS Lothian,2019-04-30,549,456,440,274,239,154,70,32,9,5,6,6,5,0,0,0,0,2245,2112,133,94.1,5.9
20190430,S08000025,Imaging,,NHS Orkney,2019-04-30,0,0,0,0,0,0,0,0,0,0,0,0,0,0,0,0,0,0,0,0,NA,NA
20190430,S08000026,Imaging,,NHS Shetland,2019-04-30,0,0,0,0,0,0,0,0,0,0,0,0,0,0,0,0,0,0,0,0,NA,NA
20190430,S08000028,Imaging,,NHS Western Isles,2019-04-30,0,0,0,0,0,1,7,4,1,0,0,0,1,0,0,0,0,14,1,13,7.1,92.9
20190430,S08000029,Imaging,,NHS Fife,2019-04-30,302,204,191,157,95,45,3,1,1,0,0,0,0,0,0,0,0,999,994,5,99.5,0.5
20190430,S08000030,Imaging,,NHS Tayside,2019-04-30,469,334,272,367,465,182,40,16,5,12,3,1,1,0,0,0,0,2167,2089,78,96.4,3.6
20190430,S08000031,Imaging,,NHS Greater Glasgow and Clyde,2019-04-30,843,1063,628,559,486,379,223,102,90,19,11,1,5,0,0,0,0,4409,3958,451,89.8,10.2
20190430,S08000032,Imaging,,NHS Lanarkshire,2019-04-30,333,170,184,173,182,120,66,0,0,0,0,0,0,0,0,0,0,1228,1162,66,94.6,5.4
20190430,SB0801,Imaging,,The<a0>Golden Jubilee National Hospital,2019-04-30,20,315,852,386,196,115,3,2,0,0,0,0,0,0,0,0,0,1889,1884,5,99.7,0.3
20190531,S08000015,Imaging,,NHS Ayrshire and Arran,2019-05-31,246,263,251,156,213,117,141,128,100,101,66,34,44,0,0,0,0,1860,1246,614,67,33
20190531,S08000016,Imaging,,NHS Borders,2019-05-31,57,62,57,42,46,44,17,8,4,4,6,0,0,0,0,0,0,347,308,39,88.8,11.2
20190531,S08000017,Imaging,,NHS Dumfries and Galloway,2019-05-31,103,81,86,56,72,32,39,30,14,3,2,0,0,0,0,0,0,518,430,88,83,17
20190531,S08000019,Imaging,,NHS Forth Valley,2019-05-31,184,178,103,112,100,31,28,1,0,0,0,0,0,0,0,0,0,737,708,29,96.1,3.9
20190531,S08000020,Imaging,,NHS Grampian,2019-05-31,507,359,298,227,289,226,260,170,211,172,178,168,146,0,0,0,0,3211,1906,1305,59.4,40.6
20190531,S08000022,Imaging,,NHS Highland,2019-05-31,186,97,107,50,49,14,2,6,3,1,1,0,0,0,0,0,0,516,503,13,97.5,2.5
20190531,S08000024,Imaging,,NHS Lothian,2019-05-31,507,514,504,248,179,53,28,23,23,16,7,8,2,0,0,0,0,2112,2005,107,94.9,5.1
20190531,S08000025,Imaging,,NHS Orkney,2019-05-31,0,0,0,0,0,0,0,0,0,0,0,0,0,0,0,0,0,0,0,0,NA,NA
20190531,S08000026,Imaging,,NHS Shetland,2019-05-31,0,0,0,0,0,0,0,0,0,0,0,0,0,0,0,0,0,0,0,0,NA,NA
20190531,S08000028,Imaging,,NHS Western Isles,2019-05-31,0,0,1,1,0,0,1,0,7,4,2,0,0,0,0,0,0,16,2,14,12.5,87.5
20190531,S08000029,Imaging,,NHS Fife,2019-05-31,259,222,197,120,104,34,1,1,0,2,0,0,0,0,0,0,0,940,936,4,99.6,0.4
20190531,S08000030,Imaging,,NHS Tayside,2019-05-31,382,252,118,49,36,14,4,0,2,1,2,3,1,0,0,0,0,864,851,13,98.5,1.5
20190531,S08000031,Imaging,,NHS Greater Glasgow and Clyde,2019-05-31,1054,893,697,499,459,256,272,75,71,75,28,11,6,0,0,0,0,4396,3858,538,87.8,12.2
20190531,S08000032,Imaging,,NHS Lanarkshire,2019-05-31,343,277,222,171,111,71,31,0,0,0,0,0,0,0,0,0,0,1226,1195,31,97.5,2.5
20190531,SB0801,Imaging,,The<a0>Golden Jubilee National Hospital,2019-05-31,7,111,490,207,226,182,113,26,1,0,0,0,0,0,0,0,0,1363,1223,140,89.7,10.3
20190630,S08000015,Imaging,,NHS Ayrshire and Arran,2019-06-30,250,319,264,188,157,178,161,104,96,88,55,43,73,0,0,0,0,1976,1356,620,68.6,31.4
20190630,S08000016,Imaging,,NHS Borders,2019-06-30,65,73,72,36,34,13,10,7,7,5,0,1,1,0,0,0,0,324,293,31,90.4,9.6
20190630,S08000017,Imaging,,NHS Dumfries and Galloway,2019-06-30,10,19,56,65,50,28,34,11,13,5,3,5,1,0,0,0,0,300,228,72,76,24
20190630,S08000019,Imaging,,NHS Forth Valley,2019-06-30,196,157,134,108,65,38,4,21,16,1,1,0,0,0,0,0,0,741,698,43,94.2,5.8
20190630,S08000020,Imaging,,NHS Grampian,2019-06-30,459,317,368,306,288,237,252,182,223,231,234,140,138,0,0,0,0,3375,1975,1400,58.5,41.5
20190630,S08000022,Imaging,,NHS Highland,2019-06-30,136,131,93,66,40,36,36,7,1,1,0,0,0,0,0,0,0,547,502,45,91.8,8.2
20190630,S08000024,Imaging,,NHS Lothian,2019-06-30,421,632,426,230,167,64,28,17,19,6,3,7,3,0,0,0,0,2023,1940,83,95.9,4.1
20190630,S08000025,Imaging,,NHS Orkney,2019-06-30,0,0,0,0,0,0,0,0,0,0,0,0,0,0,0,0,0,0,0,0,NA,NA
20190630,S08000026,Imaging,,NHS Shetland,2019-06-30,0,0,0,0,0,0,0,0,0,0,0,0,0,0,0,0,0,0,0,0,NA,NA
20190630,S08000028,Imaging,,NHS Western Isles,2019-06-30,0,0,0,0,0,0,0,5,6,2,3,2,3,0,0,0,0,21,0,21,0,100
20190630,S08000029,Imaging,,NHS Fife,2019-06-30,220,242,197,125,134,70,0,0,0,0,0,0,0,0,0,0,0,988,988,0,100,0
20190630,S08000030,Imaging,,NHS Tayside,2019-06-30,314,238,161,69,21,7,3,2,5,2,0,0,0,0,0,0,0,822,810,12,98.5,1.5
20190630,S08000031,Imaging,,NHS Greater Glasgow and Clyde,2019-06-30,1260,903,757,573,442,334,105,88,41,46,21,52,12,0,0,0,0,4634,4269,365,92.1,7.9
20190630,S08000032,Imaging,,NHS Lanarkshire,2019-06-30,352,230,240,190,108,124,30,0,0,0,0,0,0,0,0,0,0,1274,1244,30,97.6,2.4
20190630,SB0801,Imaging,,The<a0>Golden Jubilee National Hospital,2019-06-30,8,214,489,200,522,183,198,84,39,6,0,0,0,0,0,0,0,1943,1616,327,83.2,16.8
20190731,S08000015,Imaging,,NHS Ayrshire and Arran,2019-07-31,212,265,215,185,177,161,195,132,105,116,96,60,39,0,0,0,0,1958,1215,743,62.1,37.9
20190731,S08000016,Imaging,,NHS Borders,2019-07-31,79,71,50,58,27,21,20,19,9,8,5,3,2,0,0,0,0,372,306,66,82.3,17.7
20190731,S08000017,Imaging,,NHS Dumfries and Galloway,2019-07-31,70,75,83,72,76,43,25,16,12,8,11,4,1,0,0,0,0,496,419,77,84.5,15.5
20190731,S08000019,Imaging,,NHS Forth Valley,2019-07-31,179,149,89,67,57,46,31,8,9,1,0,0,0,0,0,0,0,636,587,49,92.3,7.7
20190731,S08000020,Imaging,,NHS Grampian,2019-07-31,432,288,284,255,239,239,268,244,242,242,215,174,120,0,0,0,0,3242,1737,1505,53.6,46.4
20190731,S08000022,Imaging,,NHS Highland,2019-07-31,144,120,84,107,56,51,30,16,2,0,0,0,0,0,0,0,0,610,562,48,92.1,7.9
20190731,S08000024,Imaging,,NHS Lothian,2019-07-31,531,520,358,304,248,152,106,53,18,8,4,0,1,0,0,0,0,2303,2113,190,91.7,8.3
20190731,S08000025,Imaging,,NHS Orkney,2019-07-31,0,0,0,0,0,0,0,0,0,0,0,0,0,0,0,0,0,0,0,0,NA,NA
20190731,S08000026,Imaging,,NHS Shetland,2019-07-31,0,0,0,0,0,0,0,0,0,0,0,0,0,0,0,0,0,0,0,0,NA,NA
20190731,S08000028,Imaging,,NHS Western Isles,2019-07-31,0,0,0,1,0,0,2,1,3,6,5,0,0,0,0,0,0,18,1,17,5.6,94.4
20190731,S08000029,Imaging,,NHS Fife,2019-07-31,233,214,161,182,147,115,20,5,0,0,0,0,0,0,0,0,0,1077,1052,25,97.7,2.3
20190731,S08000030,Imaging,,NHS Tayside,2019-07-31,332,173,142,49,30,10,3,3,3,3,5,0,3,0,0,0,0,756,736,20,97.4,2.6
20190731,S08000031,Imaging,,NHS Greater Glasgow and Clyde,2019-07-31,1085,736,564,512,374,430,346,263,155,81,57,42,18,0,0,0,0,4663,3701,962,79.4,20.6
20190731,S08000032,Imaging,,NHS Lanarkshire,2019-07-31,303,272,162,182,128,159,60,4,1,1,0,0,0,0,0,0,0,1272,1206,66,94.8,5.2
20190731,SB0801,Imaging,,The<a0>Golden Jubilee National Hospital,2019-07-31,6,106,551,180,188,165,162,63,89,12,2,1,0,0,0,0,0,1525,1196,329,78.4,21.6
20190831,S08000015,Imaging,,NHS Ayrshire and Arran,2019-08-31,221,265,203,178,176,209,145,106,109,128,111,65,58,0,0,0,0,1974,1252,722,63.4,36.6
20190831,S08000016,Imaging,,NHS Borders,2019-08-31,60,81,63,40,42,25,8,2,2,0,0,0,1,0,0,0,0,324,311,13,96,4
20190831,S08000017,Imaging,,NHS Dumfries and Galloway,2019-08-31,84,83,98,64,50,43,49,50,47,16,4,2,3,0,0,0,0,593,422,171,71.2,28.8
20190831,S08000019,Imaging,,NHS Forth Valley,2019-08-31,192,103,79,44,44,43,28,4,15,6,2,0,0,0,0,0,0,560,505,55,90.2,9.8
20190831,S08000020,Imaging,,NHS Grampian,2019-08-31,393,312,285,295,228,196,166,165,216,214,180,232,178,0,0,0,0,3060,1709,1351,55.8,44.2
20190831,S08000022,Imaging,,NHS Highland,2019-08-31,153,123,132,47,53,54,25,9,4,1,3,1,0,0,0,0,0,605,562,43,92.9,7.1
20190831,S08000024,Imaging,,NHS Lothian,2019-08-31,472,587,411,230,184,97,82,57,30,17,6,8,3,0,0,0,0,2184,1981,203,90.7,9.3
20190831,S08000025,Imaging,,NHS Orkney,2019-08-31,0,0,0,0,0,0,0,0,0,0,0,0,0,0,0,0,0,0,0,0,NA,NA
20190831,S08000026,Imaging,,NHS Shetland,2019-08-31,0,0,0,0,0,0,0,0,0,0,0,0,0,0,0,0,0,0,0,0,NA,NA
20190831,S08000028,Imaging,,NHS Western Isles,2019-08-31,0,0,0,1,1,0,3,6,4,5,4,0,0,0,0,0,0,24,2,22,8.3,91.7
20190831,S08000029,Imaging,,NHS Fife,2019-08-31,275,222,174,142,127,85,42,16,5,1,0,0,0,0,0,0,0,1089,1025,64,94.1,5.9
20190831,S08000030,Imaging,,NHS Tayside,2019-08-31,332,250,113,37,28,15,9,3,1,3,0,0,0,0,0,0,0,791,775,16,98,2
20190831,S08000031,Imaging,,NHS Greater Glasgow and Clyde,2019-08-31,1192,885,625,467,374,329,240,258,170,143,94,66,57,0,0,0,0,4900,3872,1028,79,21
20190831,S08000032,Imaging,,NHS Lanarkshire,2019-08-31,393,286,258,166,106,75,42,0,0,0,0,0,0,0,0,0,0,1326,1284,42,96.8,3.2
20190831,SB0801,Imaging,,The<a0>Golden Jubilee National Hospital,2019-08-31,240,375,463,203,148,82,51,15,1,0,0,0,0,0,0,0,0,1578,1511,67,95.8,4.2
20190930,S08000015,Imaging,,NHS Ayrshire and Arran,2019-09-30,211,199,277,264,198,206,120,118,107,113,79,55,38,0,0,0,0,1985,1355,630,68.3,31.7
20190930,S08000016,Imaging,,NHS Borders,2019-09-30,84,68,75,72,46,26,13,5,2,0,0,0,0,0,0,0,0,391,371,20,94.9,5.1
20190930,S08000017,Imaging,,NHS Dumfries and Galloway,2019-09-30,129,69,76,56,48,27,18,11,14,7,6,1,1,0,0,0,0,463,405,58,87.5,12.5
20190930,S08000019,Imaging,,NHS Forth Valley,2019-09-30,209,116,39,33,32,24,9,3,0,0,0,0,0,0,0,0,0,465,453,12,97.4,2.6
20190930,S08000020,Imaging,,NHS Grampian,2019-09-30,454,297,350,306,264,236,192,204,207,173,138,153,140,0,0,0,0,3114,1907,1207,61.2,38.8
20190930,S08000022,Imaging,,NHS Highland,2019-09-30,215,116,98,77,96,55,47,6,0,1,0,0,0,0,0,0,0,711,657,54,92.4,7.6
20190930,S08000024,Imaging,,NHS Lothian,2019-09-30,448,572,384,290,257,147,62,65,59,32,16,16,5,0,0,0,0,2353,2098,255,89.2,10.8
20190930,S08000025,Imaging,,NHS Orkney,2019-09-30,0,0,0,0,0,0,0,0,0,0,0,0,0,0,0,0,0,0,0,0,NA,NA
20190930,S08000026,Imaging,,NHS Shetland,2019-09-30,0,0,0,0,0,0,0,0,0,0,0,0,0,0,0,0,0,0,0,0,NA,NA
20190930,S08000028,Imaging,,NHS Western Isles,2019-09-30,0,2,0,1,8,8,3,4,5,7,0,0,1,0,0,0,0,39,19,20,48.7,51.3
20190930,S08000029,Imaging,,NHS Fife,2019-09-30,202,182,196,165,140,35,2,1,3,0,0,0,0,0,0,0,0,926,920,6,99.4,0.6
20190930,S08000030,Imaging,,NHS Tayside,2019-09-30,410,271,164,47,27,14,6,6,2,6,0,0,1,0,0,0,0,954,933,21,97.8,2.2
20190930,S08000031,Imaging,,NHS Greater Glasgow and Clyde,2019-09-30,1242,799,776,583,464,361,260,223,142,138,85,81,31,0,0,0,0,5185,4225,960,81.5,18.5
20190930,S08000032,Imaging,,NHS Lanarkshire,2019-09-30,354,288,213,264,199,95,19,0,0,0,0,0,0,0,0,0,0,1432,1413,19,98.7,1.3
20190930,SB0801,Imaging,,The<a0>Golden Jubilee National Hospital,2019-09-30,3,79,387,323,58,0,0,0,0,0,0,0,0,0,0,0,0,850,850,0,100,0
20191031,S08000015,Imaging,,NHS Ayrshire and Arran,2019-10-31,268,248,192,232,183,116,139,147,84,75,64,43,24,0,0,0,0,1815,1239,576,68.3,31.7
20191031,S08000016,Imaging,,NHS Borders,2019-10-31,78,56,65,58,38,40,33,11,1,0,0,0,0,0,0,0,0,380,335,45,88.2,11.8
20191031,S08000017,Imaging,,NHS Dumfries and Galloway,2019-10-31,117,72,79,43,40,37,15,11,3,3,1,0,0,0,0,0,0,421,388,33,92.2,7.8
20191031,S08000019,Imaging,,NHS Forth Valley,2019-10-31,179,138,78,47,9,5,2,1,1,0,0,0,0,0,0,0,0,460,456,4,99.1,0.9
20191031,S08000020,Imaging,,NHS Grampian,2019-10-31,399,293,290,285,293,241,257,248,258,205,143,154,142,0,0,0,0,3208,1801,1407,56.1,43.9
20191031,S08000022,Imaging,,NHS Highland,2019-10-31,142,103,92,149,103,96,65,51,11,2,4,0,0,0,0,0,0,818,685,133,83.7,16.3
20191031,S08000024,Imaging,,NHS Lothian,2019-10-31,431,551,451,348,384,225,117,86,61,56,23,21,6,0,0,0,0,2760,2390,370,86.6,13.4
20191031,S08000025,Imaging,,NHS Orkney,2019-10-31,0,0,0,0,0,0,0,0,0,0,0,0,0,0,0,0,0,0,0,0,NA,NA
20191031,S08000026,Imaging,,NHS Shetland,2019-10-31,0,0,0,0,0,0,0,0,0,0,0,0,0,0,0,0,0,0,0,0,NA,NA
20191031,S08000028,Imaging,,NHS Western Isles,2019-10-31,1,5,13,1,4,0,1,0,0,0,0,0,0,0,0,0,0,25,24,1,96,4
20191031,S08000029,Imaging,,NHS Fife,2019-10-31,222,229,138,145,108,63,3,0,0,0,0,0,0,0,0,0,0,908,905,3,99.7,0.3
20191031,S08000030,Imaging,,NHS Tayside,2019-10-31,398,250,140,106,44,12,10,7,3,2,1,1,4,0,0,0,0,978,950,28,97.1,2.9
20191031,S08000031,Imaging,,NHS Greater Glasgow and Clyde,2019-10-31,1154,933,624,734,406,480,317,302,213,174,119,64,54,0,0,0,0,5574,4331,1243,77.7,22.3
20191031,S08000032,Imaging,,NHS Lanarkshire,2019-10-31,362,315,243,241,140,204,197,46,0,0,0,0,0,0,0,0,0,1748,1505,243,86.1,13.9
20191031,SB0801,Imaging,,The<a0>Golden Jubilee National Hospital,2019-10-31,9,94,471,37,37,24,8,7,0,0,0,0,0,0,0,0,0,687,672,15,97.8,2.2
20191130,S08000015,Imaging,,NHS Ayrshire and Arran,2019-11-30,360,249,263,250,190,155,80,94,58,37,44,54,33,0,0,0,0,1867,1467,400,78.6,21.4
20191130,S08000016,Imaging,,NHS Borders,2019-11-30,62,55,67,49,64,30,7,5,1,1,1,2,0,0,0,0,0,344,327,17,95.1,4.9
20191130,S08000017,Imaging,,NHS Dumfries and Galloway,2019-11-30,108,113,92,57,25,24,11,4,2,2,2,1,0,0,0,0,0,441,419,22,95,5
20191130,S08000019,Imaging,,NHS Forth Valley,2019-11-30,200,118,61,12,5,0,0,0,0,0,0,0,0,0,0,0,0,396,396,0,100,0
20191130,S08000020,Imaging,,NHS Grampian,2019-11-30,438,330,341,340,239,194,184,218,185,157,140,71,47,0,0,0,0,2884,1882,1002,65.3,34.7
20191130,S08000022,Imaging,,NHS Highland,2019-11-30,136,164,169,67,89,81,45,101,38,11,0,0,0,0,0,0,0,901,706,195,78.4,21.6
20191130,S08000024,Imaging,,NHS Lothian,2019-11-30,430,638,477,361,383,296,140,130,92,34,12,9,6,0,0,0,0,3008,2585,423,85.9,14.1
20191130,S08000025,Imaging,,NHS Orkney,2019-11-30,0,0,0,0,0,0,0,0,0,0,0,0,0,0,0,0,0,0,0,0,NA,NA
20191130,S08000026,Imaging,,NHS Shetland,2019-11-30,0,0,0,0,0,0,0,0,0,0,0,0,0,0,0,0,0,0,0,0,NA,NA
20191130,S08000028,Imaging,,NHS Western Isles,2019-11-30,0,0,2,6,6,2,1,0,0,0,0,0,0,0,0,0,0,17,16,1,94.1,5.9
20191130,S08000029,Imaging,,NHS Fife,2019-11-30,299,260,193,148,59,27,1,1,0,0,0,1,0,0,0,0,0,989,986,3,99.7,0.3
20191130,S08000030,Imaging,,NHS Tayside,2019-11-30,340,287,231,151,48,15,3,6,2,1,1,1,3,0,0,0,0,1089,1072,17,98.4,1.6
20191130,S08000031,Imaging,,NHS Greater Glasgow and Clyde,2019-11-30,1359,1016,823,618,530,430,269,325,219,217,134,92,61,0,0,0,0,6093,4776,1317,78.4,21.6
20191130,S08000032,Imaging,,NHS Lanarkshire,2019-11-30,355,247,231,203,227,243,189,99,59,0,0,0,0,0,0,0,0,1853,1506,347,81.3,18.7
20191130,SB0801,Imaging,,The<a0>Golden Jubilee National Hospital,2019-11-30,23,229,213,31,5,0,0,0,0,0,0,0,0,0,0,0,0,501,501,0,100,0
20191231,S08000015,Imaging,,NHS Ayrshire and Arran,2019-12-31,95,192,288,242,223,272,162,177,122,89,50,47,49,0,0,0,0,2008,1312,696,65.3,34.7
20191231,S08000016,Imaging,,NHS Borders,2019-12-31,12,21,22,47,73,45,29,17,7,0,0,0,0,0,0,0,0,273,220,53,80.6,19.4
20191231,S08000017,Imaging,,NHS Dumfries and Galloway,2019-12-31,48,106,93,85,54,28,18,7,6,2,1,0,0,0,0,0,0,448,414,34,92.4,7.6
20191231,S08000019,Imaging,,NHS Forth Valley,2019-12-31,124,81,120,68,41,19,0,0,0,0,0,0,0,0,0,0,0,453,453,0,100,0
20191231,S08000020,Imaging,,NHS Grampian,2019-12-31,228,346,316,304,269,230,237,164,86,71,49,49,47,0,0,0,0,2396,1693,703,70.7,29.3
20191231,S08000022,Imaging,,NHS Highland,2019-12-31,75,191,100,141,98,131,102,56,53,25,4,6,1,0,0,0,0,983,736,247,74.9,25.1
20191231,S08000024,Imaging,,NHS Lothian,2019-12-31,179,544,567,458,397,309,281,124,87,39,12,15,12,0,0,0,0,3024,2454,570,81.2,18.8
20191231,S08000025,Imaging,,NHS Orkney,2019-12-31,0,0,0,0,0,0,0,0,0,0,0,0,0,0,0,0,0,0,0,0,NA,NA
20191231,S08000026,Imaging,,NHS Shetland,2019-12-31,0,0,0,0,0,0,0,0,0,0,0,0,0,0,0,0,0,0,0,0,NA,NA
20191231,S08000028,Imaging,,NHS Western Isles,2019-12-31,0,0,1,7,5,4,3,2,1,0,0,0,1,0,0,0,0,24,17,7,70.8,29.2
20191231,S08000029,Imaging,,NHS Fife,2019-12-31,201,198,197,147,134,59,4,4,0,0,0,0,0,0,0,0,0,944,936,8,99.2,0.8
20191231,S08000030,Imaging,,NHS Tayside,2019-12-31,155,266,278,193,92,34,19,5,4,2,0,1,5,0,0,0,0,1054,1018,36,96.6,3.4
20191231,S08000031,Imaging,,NHS Greater Glasgow and Clyde,2019-12-31,516,543,1056,809,675,678,458,390,342,231,148,38,21,0,0,0,0,5905,4277,1628,72.4,27.6
20191231,S08000032,Imaging,,NHS Lanarkshire,2019-12-31,198,282,237,229,185,237,175,200,189,130,49,0,0,0,0,0,0,2111,1368,743,64.8,35.2
20191231,SB0801,Imaging,,The<a0>Golden Jubilee National Hospital,2019-12-31,9,69,360,303,60,7,3,1,0,0,0,0,0,0,0,0,0,812,808,4,99.5,0.5
20200131,S08000015,Imaging,,NHS Ayrshire and Arran,2020-01-31,253,254,221,203,56,71,188,155,134,126,82,97,70,0,0,0,0,1910,1058,852,55.4,44.6
20200131,S08000016,Imaging,,NHS Borders,2020-01-31,58,85,71,49,18,30,35,17,8,10,4,2,4,0,0,0,0,391,311,80,79.5,20.5
20200131,S08000017,Imaging,,NHS Dumfries and Galloway,2020-01-31,153,95,106,45,12,17,18,9,3,3,0,0,0,0,0,0,0,461,428,33,92.8,7.2
20200131,S08000019,Imaging,,NHS Forth Valley,2020-01-31,210,142,358,15,1,1,0,0,0,0,0,0,0,0,0,0,0,727,727,0,100,0
20200131,S08000020,Imaging,,NHS Grampian,2020-01-31,467,379,371,297,59,130,142,140,85,71,57,64,41,0,0,0,0,2303,1703,600,73.9,26.1
20200131,S08000022,Imaging,,NHS Highland,2020-01-31,204,120,91,62,31,34,105,81,60,60,49,21,0,0,0,0,0,918,542,376,59,41
20200131,S08000024,Imaging,,NHS Lothian,2020-01-31,529,596,537,386,136,127,324,196,106,41,25,18,12,0,0,0,0,3033,2311,722,76.2,23.8
20200131,S08000025,Imaging,,NHS Orkney,2020-01-31,0,0,0,0,0,0,0,0,0,0,0,0,0,0,0,0,0,0,0,0,NA,NA
20200131,S08000026,Imaging,,NHS Shetland,2020-01-31,0,0,0,0,0,0,0,0,0,0,0,0,0,0,0,0,0,0,0,0,NA,NA
20200131,S08000028,Imaging,,NHS Western Isles,2020-01-31,0,0,0,7,1,2,6,1,0,0,0,1,0,0,0,0,0,18,10,8,55.6,44.4
20200131,S08000029,Imaging,,NHS Fife,2020-01-31,321,202,173,113,87,29,14,12,0,0,0,0,0,0,0,0,0,951,925,26,97.3,2.7
20200131,S08000030,Imaging,,NHS Tayside,2020-01-31,403,270,245,139,32,20,30,20,5,6,3,2,1,0,0,0,0,1176,1109,67,94.3,5.7
20200131,S08000031,Imaging,,NHS Greater Glasgow and Clyde,2020-01-31,1373,1035,791,632,212,205,364,191,121,53,15,12,2,0,0,0,0,5006,4248,758,84.9,15.1
20200131,S08000032,Imaging,,NHS Lanarkshire,2020-01-31,307,308,205,167,100,149,207,196,179,87,44,37,33,0,0,0,0,2019,1236,783,61.2,38.8
20200131,SB0801,Imaging,,The<a0>Golden Jubilee National Hospital,2020-01-31,20,307,368,74,28,22,14,0,0,0,0,0,0,0,0,0,0,833,819,14,98.3,1.7
20200229,S08000015,Imaging,,NHS Ayrshire and Arran,2020-02-29,259,257,165,200,193,145,128,116,27,37,106,88,67,0,0,0,0,1788,1219,569,68.2,31.8
20200229,S08000016,Imaging,,NHS Borders,2020-02-29,73,52,69,70,29,28,17,5,1,1,7,0,1,0,0,0,0,353,321,32,90.9,9.1
20200229,S08000017,Imaging,,NHS Dumfries and Galloway,2020-02-29,101,68,121,47,73,32,16,5,3,2,2,1,0,0,0,0,0,471,442,29,93.8,6.2
20200229,S08000019,Imaging,,NHS Forth Valley,2020-02-29,206,141,43,25,13,1,0,0,0,0,0,0,0,0,0,0,0,429,429,0,100,0
20200229,S08000020,Imaging,,NHS Grampian,2020-02-29,389,306,384,256,198,154,142,71,10,16,36,35,29,0,0,0,0,2026,1687,339,83.3,16.7
20200229,S08000022,Imaging,,NHS Highland,2020-02-29,201,145,45,80,79,41,87,63,16,27,17,7,10,0,0,0,0,818,591,227,72.2,27.8
20200229,S08000024,Imaging,,NHS Lothian,2020-02-29,440,592,389,430,391,346,227,107,35,28,26,17,6,0,0,0,0,3034,2588,446,85.3,14.7
20200229,S08000025,Imaging,,NHS Orkney,2020-02-29,0,0,0,0,0,0,0,0,0,0,0,0,0,0,0,0,0,0,0,0,NA,NA
20200229,S08000026,Imaging,,NHS Shetland,2020-02-29,0,0,0,0,0,0,0,0,0,0,0,0,0,0,0,0,0,0,0,0,NA,NA
20200229,S08000028,Imaging,,NHS Western Isles,2020-02-29,0,0,5,0,1,2,0,0,0,0,0,0,0,0,0,0,0,8,8,0,100,0
20200229,S08000029,Imaging,,NHS Fife,2020-02-29,221,189,131,134,14,6,0,0,0,0,0,0,0,0,0,0,0,695,695,0,100,0
20200229,S08000030,Imaging,,NHS Tayside,2020-02-29,310,289,222,218,90,27,7,4,0,1,0,2,1,0,0,0,0,1171,1156,15,98.7,1.3
20200229,S08000031,Imaging,,NHS Greater Glasgow and Clyde,2020-02-29,1273,896,612,600,457,187,34,16,0,1,0,1,0,0,0,0,0,4077,4025,52,98.7,1.3
20200229,S08000032,Imaging,,NHS Lanarkshire,2020-02-29,390,259,250,247,196,221,158,137,71,79,100,50,26,0,0,0,0,2184,1563,621,71.6,28.4
20200229,SB0801,Imaging,,The<a0>Golden Jubilee National Hospital,2020-02-29,15,385,231,26,9,0,0,2,0,0,0,0,0,0,0,0,0,668,666,2,99.7,0.3
20200331,S08000015,Imaging,,NHS Ayrshire and Arran,2020-03-31,51,92,181,161,104,125,105,75,87,86,80,83,73,0,0,0,0,1303,714,589,54.8,45.2
20200331,S08000016,Imaging,,NHS Borders,2020-03-31,20,24,52,30,1,3,3,0,3,3,3,0,0,0,0,0,0,142,130,12,91.5,8.5
20200331,S08000017,Imaging,,NHS Dumfries and Galloway,2020-03-31,32,38,73,69,37,11,17,15,8,4,5,2,0,0,0,0,0,311,260,51,83.6,16.4
20200331,S08000019,Imaging,,NHS Forth Valley,2020-03-31,68,44,27,19,1,0,0,0,0,0,0,0,0,0,0,0,0,159,159,0,100,0
20200331,S08000020,Imaging,,NHS Grampian,2020-03-31,120,164,247,233,125,98,81,64,65,46,65,50,21,0,0,0,0,1379,987,392,71.6,28.4
20200331,S08000022,Imaging,,NHS Highland,2020-03-31,86,36,149,99,88,94,67,64,26,25,49,27,4,0,0,0,0,814,552,262,67.8,32.2
20200331,S08000024,Imaging,,NHS Lothian,2020-03-31,125,286,505,480,429,290,177,127,64,30,10,12,1,0,0,0,0,2536,2115,421,83.4,16.6
20200331,S08000025,Imaging,,NHS Orkney,2020-03-31,0,0,0,0,0,0,0,0,0,0,0,0,0,0,0,0,0,0,0,0,NA,NA
20200331,S08000026,Imaging,,NHS Shetland,2020-03-31,0,0,0,0,0,0,0,0,0,0,0,0,0,0,0,0,0,0,0,0,NA,NA
20200331,S08000028,Imaging,,NHS Western Isles,2020-03-31,0,0,0,0,0,0,0,0,0,0,0,0,0,0,0,0,0,0,0,0,NA,NA
20200331,S08000029,Imaging,,NHS Fife,2020-03-31,226,165,191,141,36,2,0,0,1,0,0,0,0,0,0,0,0,762,761,1,99.9,0.1
20200331,S08000030,Imaging,,NHS Tayside,2020-03-31,245,147,232,212,108,170,81,27,17,0,0,0,0,0,0,0,0,1239,1114,125,89.9,10.1
20200331,S08000032,Imaging,,NHS Lanarkshire,2020-03-31,98,99,215,277,253,183,226,251,237,207,154,70,36,0,0,0,0,2306,1125,1181,48.8,51.2
20200331,SB0801,Imaging,,The<a0>Golden Jubilee National Hospital,2020-03-31,0,2,6,2,1,0,0,0,0,0,0,0,0,0,0,0,0,11,11,0,100,0
20200430,S08000015,Imaging,,NHS Ayrshire and Arran,2020-04-30,92,47,22,43,52,126,165,133,105,123,93,72,81,0,0,0,0,1154,382,772,33.1,66.9
20200430,S08000016,Imaging,,NHS Borders,2020-04-30,24,8,6,9,9,15,34,30,17,13,3,1,0,0,0,0,0,169,71,98,42,58
20200430,S08000017,Imaging,,NHS Dumfries and Galloway,2020-04-30,35,27,5,6,5,1,4,10,5,4,1,1,1,0,0,0,0,105,79,26,75.2,24.8
20200430,S08000019,Imaging,,NHS Forth Valley,2020-04-30,59,29,23,17,29,21,14,11,4,1,0,0,0,0,0,0,0,208,178,30,85.6,14.4
20200430,S08000020,Imaging,,NHS Grampian,2020-04-30,132,124,80,85,93,83,160,224,142,103,72,70,51,0,0,0,0,1419,597,822,42.1,57.9
20200430,S08000022,Imaging,,NHS Highland,2020-04-30,38,25,26,29,58,29,90,130,62,108,67,72,28,0,0,0,0,762,205,557,26.9,73.1
20200430,S08000024,Imaging,,NHS Lothian,2020-04-30,113,152,75,79,116,155,351,472,438,305,220,105,92,0,0,0,0,2673,690,1983,25.8,74.2
20200430,S08000025,Imaging,,NHS Orkney,2020-04-30,0,0,0,0,0,0,0,0,0,0,0,0,0,0,0,0,0,0,0,0,NA,NA
20200430,S08000026,Imaging,,NHS Shetland,2020-04-30,0,0,0,0,0,0,0,0,0,0,0,0,0,0,0,0,0,0,0,0,NA,NA
20200430,S08000028,Imaging,,NHS Western Isles,2020-04-30,0,0,0,0,0,0,0,0,0,0,0,0,0,0,0,0,0,0,0,0,NA,NA
20200430,S08000029,Imaging,,NHS Fife,2020-04-30,74,39,47,187,180,151,149,24,10,1,0,0,0,0,0,0,0,862,678,184,78.7,21.3
20200430,S08000030,Imaging,,NHS Tayside,2020-04-30,151,81,45,56,43,85,170,200,151,162,95,41,13,0,0,0,0,1293,461,832,35.7,64.3
20200430,S08000032,Imaging,,NHS Lanarkshire,2020-04-30,71,32,30,42,49,59,136,212,239,201,181,193,176,0,0,0,0,1621,283,1338,17.5,82.5
20200430,SB0801,Imaging,,The<a0>Golden Jubilee National Hospital,2020-04-30,12,38,34,7,3,1,0,0,0,0,0,0,0,0,0,0,0,95,95,0,100,0
20200531,S08000015,Imaging,,NHS Ayrshire and Arran,2020-05-31,83,65,48,29,36,24,14,31,38,47,146,114,94,0,0,0,0,769,285,484,37.1,62.9
20200531,S08000016,Imaging,,NHS Borders,2020-05-31,44,22,19,22,8,6,6,7,5,11,21,32,9,0,0,0,0,212,121,91,57.1,42.9
20200531,S08000017,Imaging,,NHS Dumfries and Galloway,2020-05-31,46,49,7,8,3,2,1,2,1,2,3,5,8,0,0,0,0,137,115,22,83.9,16.1
20200531,S08000019,Imaging,,NHS Forth Valley,2020-05-31,93,62,52,16,11,3,4,5,1,3,6,7,4,0,0,0,0,267,237,30,88.8,11.2
20200531,S08000020,Imaging,,NHS Grampian,2020-05-31,200,145,102,105,76,87,56,52,105,77,138,211,150,0,0,0,0,1504,715,789,47.5,52.5
20200531,S08000022,Imaging,,NHS Highland,2020-05-31,55,45,34,36,16,26,26,19,35,55,70,136,51,0,0,0,0,604,212,392,35.1,64.9
20200531,S08000024,Imaging,,NHS Lothian,2020-05-31,182,240,180,94,77,97,59,55,95,118,249,411,350,0,0,0,0,2207,870,1337,39.4,60.6
20200531,S08000025,Imaging,,NHS Orkney,2020-05-31,0,0,0,0,0,0,0,0,0,0,0,0,0,0,0,0,0,0,0,0,NA,NA
20200531,S08000026,Imaging,,NHS Shetland,2020-05-31,0,0,0,0,0,0,0,0,0,0,0,0,0,0,0,0,0,0,0,0,NA,NA
20200531,S08000028,Imaging,,NHS Western Isles,2020-05-31,0,0,0,0,0,0,0,0,0,0,0,0,0,0,0,0,0,0,0,0,NA,NA
20200531,S08000029,Imaging,,NHS Fife,2020-05-31,87,73,51,25,27,25,30,151,139,191,149,39,12,0,0,0,0,999,288,711,28.8,71.2
20200531,S08000030,Imaging,,NHS Tayside,2020-05-31,182,129,78,39,47,37,37,36,46,45,118,198,164,0,0,0,0,1156,512,644,44.3,55.7
20200531,S08000031,Imaging,,NHS Greater Glasgow and Clyde,2020-05-31,431,319,271,223,221,136,171,158,92,162,166,385,763,0,0,0,0,3498,1601,1897,45.8,54.2
20200531,S08000032,Imaging,,NHS Lanarkshire,2020-05-31,71,52,31,23,19,20,21,27,31,58,97,181,209,0,0,0,0,840,216,624,25.7,74.3
20200531,SB0801,Imaging,,The<a0>Golden Jubilee National Hospital,2020-05-31,3,4,0,0,0,0,0,0,0,0,0,0,0,0,0,0,0,7,7,0,100,0
20200630,S08000015,Imaging,,NHS Ayrshire and Arran,2020-06-30,113,109,82,45,47,33,22,26,13,25,14,12,27,0,0,0,0,568,429,139,75.5,24.5
20200630,S08000016,Imaging,,NHS Borders,2020-06-30,55,31,27,36,12,11,14,14,8,6,5,1,7,0,0,0,0,227,172,55,75.8,24.2
20200630,S08000017,Imaging,,NHS Dumfries and Galloway,2020-06-30,82,64,26,5,6,2,2,5,2,2,1,1,1,0,0,0,0,199,185,14,93,7
20200630,S08000019,Imaging,,NHS Forth Valley,2020-06-30,86,106,84,54,35,6,0,3,0,0,1,3,2,0,0,0,0,380,371,9,97.6,2.4
20200630,S08000020,Imaging,,NHS Grampian,2020-06-30,225,202,189,155,111,135,61,81,54,67,70,48,87,0,0,0,0,1485,1017,468,68.5,31.5
20200630,S08000022,Imaging,,NHS Highland,2020-06-30,109,62,75,44,21,19,23,25,15,11,21,17,17,0,0,0,0,459,330,129,71.9,28.1
20200630,S08000024,Imaging,,NHS Lothian,2020-06-30,220,322,198,159,155,136,136,69,60,64,58,39,61,0,0,0,0,1677,1190,487,71,29
20200630,S08000025,Imaging,,NHS Orkney,2020-06-30,0,0,0,0,0,0,0,0,0,0,0,0,0,0,0,0,0,0,0,0,NA,NA
20200630,S08000026,Imaging,,NHS Shetland,2020-06-30,0,0,0,0,0,0,0,0,0,0,0,0,0,0,0,0,0,0,0,0,NA,NA
20200630,S08000028,Imaging,,NHS Western Isles,2020-06-30,1,1,0,0,0,0,0,0,0,0,0,0,0,0,0,0,0,2,2,0,100,0
20200630,S08000029,Imaging,,NHS Fife,2020-06-30,154,80,51,69,43,38,37,35,27,25,29,81,141,0,0,0,0,810,435,375,53.7,46.3
20200630,S08000030,Imaging,,NHS Tayside,2020-06-30,226,147,129,58,33,44,39,25,50,37,37,24,35,0,0,0,0,884,637,247,72.1,27.9
20200630,S08000031,Imaging,,NHS Greater Glasgow and Clyde,2020-06-30,518,364,235,303,212,208,104,124,138,162,101,136,135,0,0,0,0,2740,1840,900,67.2,32.8
20200630,S08000032,Imaging,,NHS Lanarkshire,2020-06-30,164,110,84,44,23,11,16,17,6,5,9,9,11,0,0,0,0,509,436,73,85.7,14.3
20200630,SB0801,Imaging,,The<a0>Golden Jubilee National Hospital,2020-06-30,18,16,1,0,0,0,0,0,0,0,0,0,0,0,0,0,0,35,35,0,100,0
20200731,S08000015,Imaging,,NHS Ayrshire and Arran,2020-07-31,150,149,102,77,53,40,36,33,35,19,15,20,12,0,0,0,0,741,571,170,77.1,22.9
20200731,S08000016,Imaging,,NHS Borders,2020-07-31,48,32,32,42,23,18,18,26,10,13,7,12,10,0,0,0,0,291,195,96,67,33
20200731,S08000017,Imaging,,NHS Dumfries and Galloway,2020-07-31,93,68,31,5,8,2,1,0,3,1,0,2,3,0,0,0,0,217,207,10,95.4,4.6
20200731,S08000019,Imaging,,NHS Forth Valley,2020-07-31,134,97,76,57,28,9,1,0,3,0,0,0,0,0,0,0,0,405,401,4,99,1
20200731,S08000020,Imaging,,NHS Grampian,2020-07-31,214,191,167,139,117,84,128,74,62,106,65,48,64,0,0,0,0,1459,912,547,62.5,37.5
20200731,S08000022,Imaging,,NHS Highland,2020-07-31,107,108,71,85,26,35,21,42,6,4,17,10,12,0,0,0,0,544,432,112,79.4,20.6
20200731,S08000024,Imaging,,NHS Lothian,2020-07-31,267,315,226,220,135,113,66,70,67,56,57,56,21,0,0,0,0,1669,1276,393,76.5,23.5
20200731,S08000025,Imaging,,NHS Orkney,2020-07-31,0,0,0,0,0,0,0,0,0,0,0,0,0,0,0,0,0,0,0,0,NA,NA
20200731,S08000026,Imaging,,NHS Shetland,2020-07-31,0,0,0,0,0,0,0,0,0,0,0,0,0,0,0,0,0,0,0,0,NA,NA
20200731,S08000028,Imaging,,NHS Western Isles,2020-07-31,1,1,3,0,3,0,0,0,0,0,0,0,0,0,0,0,0,8,8,0,100,0
20200731,S08000029,Imaging,,NHS Fife,2020-07-31,152,119,108,65,59,35,31,32,32,40,20,31,11,0,0,0,0,735,538,197,73.2,26.8
20200731,S08000030,Imaging,,NHS Tayside,2020-07-31,251,155,149,116,76,83,69,62,34,38,30,19,32,0,0,0,0,1114,830,284,74.5,25.5
20200731,S08000031,Imaging,,NHS Greater Glasgow and Clyde,2020-07-31,555,497,451,353,301,238,202,153,150,73,103,125,71,0,0,0,0,3272,2395,877,73.2,26.8
20200731,S08000032,Imaging,,NHS Lanarkshire,2020-07-31,177,113,82,36,20,19,21,10,11,3,5,7,6,0,0,0,0,510,447,63,87.6,12.4
20200731,SB0801,Imaging,,The<a0>Golden Jubilee National Hospital,2020-07-31,36,103,22,5,0,0,0,0,0,0,0,0,0,0,0,0,0,166,166,0,100,0
20200831,S08000015,Imaging,,NHS Ayrshire and Arran,2020-08-31,193,187,144,80,84,68,48,41,20,16,26,14,25,0,0,0,0,946,756,190,79.9,20.1
20200831,S08000016,Imaging,,NHS Borders,2020-08-31,68,42,44,36,22,30,24,24,23,13,10,9,3,0,0,0,0,348,242,106,69.5,30.5
20200831,S08000017,Imaging,,NHS Dumfries and Galloway,2020-08-31,94,69,69,58,26,3,2,0,5,2,0,0,2,0,0,0,0,330,319,11,96.7,3.3
20200831,S08000019,Imaging,,NHS Forth Valley,2020-08-31,132,92,34,12,7,0,0,0,0,0,0,0,0,0,0,0,0,277,277,0,100,0
20200831,S08000020,Imaging,,NHS Grampian,2020-08-31,311,234,168,117,110,88,91,83,73,82,93,64,51,0,0,0,0,1565,1028,537,65.7,34.3
20200831,S08000022,Imaging,,NHS Highland,2020-08-31,139,77,62,30,31,9,7,8,3,2,2,5,1,0,0,0,0,376,348,28,92.6,7.4
20200831,S08000024,Imaging,,NHS Lothian,2020-08-31,276,393,355,198,177,104,77,86,88,47,36,46,35,0,0,0,0,1918,1503,415,78.4,21.6
20200831,S08000025,Imaging,,NHS Orkney,2020-08-31,0,0,0,0,0,0,0,0,0,0,0,0,0,0,0,0,0,0,0,0,NA,NA
20200831,S08000026,Imaging,,NHS Shetland,2020-08-31,0,0,0,0,0,0,0,0,0,0,0,0,0,0,0,0,0,0,0,0,NA,NA
20200831,S08000028,Imaging,,NHS Western Isles,2020-08-31,0,1,7,2,0,0,0,0,4,0,0,0,0,0,0,0,0,14,10,4,71.4,28.6
20200831,S08000029,Imaging,,NHS Fife,2020-08-31,184,127,100,49,46,28,14,8,3,2,2,0,0,0,0,0,0,563,534,29,94.8,5.2
20200831,S08000030,Imaging,,NHS Tayside,2020-08-31,291,203,125,85,81,51,52,23,11,16,11,13,0,0,0,0,0,962,836,126,86.9,13.1
20200831,S08000031,Imaging,,NHS Greater Glasgow and Clyde,2020-08-31,855,734,532,304,233,185,151,143,109,54,27,21,21,0,0,0,0,3369,2843,526,84.4,15.6
20200831,S08000032,Imaging,,NHS Lanarkshire,2020-08-31,213,111,46,24,12,12,12,4,4,0,2,0,0,0,0,0,0,440,418,22,95,5
20200831,SB0801,Imaging,,The<a0>Golden Jubilee National Hospital,2020-08-31,7,180,37,17,0,0,0,0,0,0,0,0,0,0,0,0,0,241,241,0,100,0
20200930,S08000015,Imaging,,NHS Ayrshire and Arran,2020-09-30,167,121,121,156,103,89,80,55,32,26,28,15,20,207,289,169,38,1716,757,959,44.1,55.9
20200930,S08000016,Imaging,,NHS Borders,2020-09-30,82,56,54,39,24,24,32,18,19,11,8,1,2,8,0,0,0,378,279,99,73.8,26.2
20200930,S08000017,Imaging,,NHS Dumfries and Galloway,2020-09-30,106,77,82,24,8,6,6,5,2,2,0,0,1,9,12,0,0,340,303,37,89.1,10.9
20200930,S08000019,Imaging,,NHS Forth Valley,2020-09-30,168,136,96,35,1,0,0,0,0,0,0,0,0,0,0,0,0,436,436,0,100,0
20200930,S08000020,Imaging,,NHS Grampian,2020-09-30,313,270,229,191,112,133,76,48,65,40,33,26,18,260,408,167,83,2472,1248,1224,50.5,49.5
20200930,S08000022,Imaging,,NHS Highland,2020-09-30,121,72,22,6,3,8,2,1,3,1,0,0,0,0,0,0,0,239,232,7,97.1,2.9
20200930,S08000024,Imaging,,NHS Lothian,2020-09-30,271,350,423,343,208,126,79,91,51,34,32,30,41,87,63,4,0,2233,1721,512,77.1,22.9
20200930,S08000025,Imaging,,NHS Orkney,2020-09-30,0,0,0,0,0,0,0,0,0,0,0,0,0,0,0,0,0,0,0,0,NA,NA
20200930,S08000026,Imaging,,NHS Shetland,2020-09-30,0,0,0,0,0,0,0,0,0,0,0,0,0,0,0,0,0,0,0,0,NA,NA
20200930,S08000028,Imaging,,NHS Western Isles,2020-09-30,1,0,5,3,0,2,0,0,1,0,2,0,3,0,0,0,0,17,11,6,64.7,35.3
20200930,S08000029,Imaging,,NHS Fife,2020-09-30,195,180,57,5,0,0,1,0,0,0,0,0,0,0,0,0,0,438,437,1,99.8,0.2
20200930,S08000030,Imaging,,NHS Tayside,2020-09-30,311,226,164,52,21,9,8,5,5,1,5,1,1,7,7,0,0,823,783,40,95.1,4.9
20200930,S08000031,Imaging,,NHS Greater Glasgow and Clyde,2020-09-30,719,813,669,493,427,352,280,95,39,33,19,23,15,62,51,6,0,4096,3473,623,84.8,15.2
20200930,S08000032,Imaging,,NHS Lanarkshire,2020-09-30,157,145,72,48,14,10,4,9,3,1,6,1,0,9,0,0,0,479,446,33,93.1,6.9
20200930,SB0801,Imaging,,The<a0>Golden Jubilee National Hospital,2020-09-30,2,138,168,43,2,0,0,0,0,0,0,0,0,0,0,0,0,353,353,0,100,0
20201031,S08000015,Imaging,,NHS Ayrshire and Arran,2020-10-31,211,144,83,88,52,48,38,47,50,35,31,17,11,143,130,269,54,1451,626,825,43.1,56.9
20201031,S08000016,Imaging,,NHS Borders,2020-10-31,78,58,51,58,42,38,34,30,19,10,7,1,1,4,0,0,0,431,325,106,75.4,24.6
20201031,S08000017,Imaging,,NHS Dumfries and Galloway,2020-10-31,85,84,64,39,16,9,3,7,6,0,2,1,0,2,3,0,0,321,297,24,92.5,7.5
20201031,S08000019,Imaging,,NHS Forth Valley,2020-10-31,143,105,88,68,38,0,0,0,0,0,0,0,0,0,0,0,0,442,442,0,100,0
20201031,S08000020,Imaging,,NHS Grampian,2020-10-31,362,233,196,254,152,144,94,103,44,31,29,18,23,243,268,190,88,2472,1341,1131,54.2,45.8
20201031,S08000022,Imaging,,NHS Highland,2020-10-31,94,46,21,17,5,2,0,0,0,1,0,0,0,0,0,0,0,186,185,1,99.5,0.5
20201031,S08000024,Imaging,,NHS Lothian,2020-10-31,199,391,516,367,234,99,88,78,63,36,25,27,22,132,28,2,0,2307,1806,501,78.3,21.7
20201031,S08000025,Imaging,,NHS Orkney,2020-10-31,0,0,0,0,0,0,0,0,0,0,0,0,0,0,0,0,0,0,0,0,NA,NA
20201031,S08000026,Imaging,,NHS Shetland,2020-10-31,0,0,0,0,0,0,0,0,0,0,0,0,0,0,0,0,0,0,0,0,NA,NA
20201031,S08000028,Imaging,,NHS Western Isles,2020-10-31,8,3,4,2,4,1,1,2,0,0,1,1,0,8,0,1,0,36,22,14,61.1,38.9
20201031,S08000029,Imaging,,NHS Fife,2020-10-31,203,122,81,8,2,0,0,0,0,0,0,0,0,0,0,0,0,416,416,0,100,0
20201031,S08000030,Imaging,,NHS Tayside,2020-10-31,278,218,142,65,29,12,7,4,4,1,1,1,3,8,1,0,0,774,744,30,96.1,3.9
20201031,S08000031,Imaging,,NHS Greater Glasgow and Clyde,2020-10-31,915,700,490,554,401,375,163,89,47,17,16,4,6,10,5,0,0,3792,3435,357,90.6,9.4
20201031,S08000032,Imaging,,NHS Lanarkshire,2020-10-31,257,157,73,34,20,7,5,4,0,0,0,0,0,0,0,0,0,557,548,9,98.4,1.6
20201031,SB0801,Imaging,,The<a0>Golden Jubilee National Hospital,2020-10-31,4,196,37,8,0,0,0,0,0,0,0,0,0,0,0,0,0,245,245,0,100,0
20201130,S08000015,Imaging,,NHS Ayrshire and Arran,2020-11-30,195,193,142,100,57,39,31,36,35,32,33,24,31,143,113,191,74,1469,726,743,49.4,50.6
20201130,S08000016,Imaging,,NHS Borders,2020-11-30,71,48,40,49,49,25,29,27,24,19,4,5,1,3,0,0,0,394,282,112,71.6,28.4
20201130,S08000017,Imaging,,NHS Dumfries and Galloway,2020-11-30,107,73,68,35,12,5,2,0,0,0,1,5,1,2,3,0,0,314,300,14,95.5,4.5
20201130,S08000019,Imaging,,NHS Forth Valley,2020-11-30,167,111,40,30,1,0,0,0,0,0,0,0,0,0,0,0,0,349,349,0,100,0
20201130,S08000020,Imaging,,NHS Grampian,2020-11-30,340,296,278,245,169,77,52,57,34,32,34,32,23,180,186,171,88,2294,1405,889,61.2,38.8
20201130,S08000022,Imaging,,NHS Highland,2020-11-30,114,139,128,53,12,3,1,0,0,1,0,0,0,0,0,0,0,451,449,2,99.6,0.4
20201130,S08000024,Imaging,,NHS Lothian,2020-11-30,318,490,520,405,283,153,124,66,53,42,21,21,29,55,7,1,1,2589,2169,420,83.8,16.2
20201130,S08000025,Imaging,,NHS Orkney,2020-11-30,0,0,0,0,0,0,0,0,0,0,0,0,0,0,0,0,0,0,0,0,NA,NA
20201130,S08000026,Imaging,,NHS Shetland,2020-11-30,0,0,0,0,0,0,0,0,0,0,0,0,0,0,0,0,0,0,0,0,NA,NA
20201130,S08000028,Imaging,,NHS Western Isles,2020-11-30,14,13,3,5,5,1,3,0,0,1,1,1,0,7,0,0,0,54,41,13,75.9,24.1
20201130,S08000029,Imaging,,NHS Fife,2020-11-30,172,188,115,11,3,0,0,0,0,0,0,0,0,0,0,0,0,489,489,0,100,0
20201130,S08000030,Imaging,,NHS Tayside,2020-11-30,311,244,110,45,28,29,13,3,3,0,1,0,2,4,0,0,0,793,767,26,96.7,3.3
20201130,S08000031,Imaging,,NHS Greater Glasgow and Clyde,2020-11-30,927,740,701,533,337,241,92,68,36,27,28,23,13,75,6,2,1,3850,3479,371,90.4,9.6
20201130,S08000032,Imaging,,NHS Lanarkshire,2020-11-30,273,147,83,69,25,14,11,5,0,0,0,0,0,0,0,0,0,627,611,16,97.4,2.6
20201130,SB0801,Imaging,,The<a0>Golden Jubilee National Hospital,2020-11-30,6,165,161,35,13,0,0,0,0,0,0,0,0,0,0,0,0,380,380,0,100,0
20201231,S08000015,Imaging,,NHS Ayrshire and Arran,2020-12-31,64,180,221,165,106,51,44,31,29,26,21,17,26,157,71,177,121,1507,787,720,52.2,47.8
20201231,S08000016,Imaging,,NHS Borders,2020-12-31,37,56,44,54,31,38,26,24,28,33,8,3,1,1,0,0,0,384,260,124,67.7,32.3
20201231,S08000017,Imaging,,NHS Dumfries and Galloway,2020-12-31,53,62,82,60,16,7,1,1,1,0,0,0,0,6,0,3,0,292,280,12,95.9,4.1
20201231,S08000019,Imaging,,NHS Forth Valley,2020-12-31,73,83,61,28,2,0,0,0,0,0,0,0,0,0,0,0,0,247,247,0,100,0
20201231,S08000020,Imaging,,NHS Grampian,2020-12-31,177,137,289,206,160,83,61,57,44,35,38,19,34,213,145,190,102,1990,1052,938,52.9,47.1
20201231,S08000022,Imaging,,NHS Highland,2020-12-31,79,110,95,132,59,73,86,62,5,1,0,0,0,1,0,0,0,703,548,155,78,22
20201231,S08000024,Imaging,,NHS Lothian,2020-12-31,100,300,486,403,372,314,238,129,73,52,39,35,32,62,0,4,1,2640,1975,665,74.8,25.2
20201231,S08000025,Imaging,,NHS Orkney,2020-12-31,0,0,0,0,0,0,0,0,0,0,0,0,0,0,0,0,0,0,0,0,NA,NA
20201231,S08000026,Imaging,,NHS Shetland,2020-12-31,0,0,0,0,0,0,0,0,0,0,0,0,0,0,0,0,0,0,0,0,NA,NA
20201231,S08000028,Imaging,,NHS Western Isles,2020-12-31,11,15,2,7,4,7,1,3,3,0,3,0,0,5,0,0,0,61,46,15,75.4,24.6
20201231,S08000029,Imaging,,NHS Fife,2020-12-31,63,130,187,104,2,0,0,0,0,0,0,0,0,0,0,0,0,486,486,0,100,0
20201231,S08000030,Imaging,,NHS Tayside,2020-12-31,189,245,193,182,105,40,17,12,8,6,3,1,0,2,0,0,0,1003,954,49,95.1,4.9
20201231,S08000031,Imaging,,NHS Greater Glasgow and Clyde,2020-12-31,515,896,768,461,320,170,133,89,52,30,23,26,10,77,10,14,0,3594,3130,464,87.1,12.9
20201231,S08000032,Imaging,,NHS Lanarkshire,2020-12-31,112,232,188,87,72,34,19,0,0,0,0,0,0,0,0,0,0,744,725,19,97.4,2.6
20201231,SB0801,Imaging,,The<a0>Golden Jubilee National Hospital,2020-12-31,1,60,206,107,12,0,0,0,0,0,0,0,0,0,0,0,0,386,386,0,100,0
20210131,S08000015,Imaging,,NHS Ayrshire and Arran,2021-01-31,194,170,142,70,49,48,52,43,25,34,18,15,17,189,84,138,153,1441,673,768,46.7,53.3
20210131,S08000016,Imaging,,NHS Borders,2021-01-31,66,49,51,19,10,26,30,45,34,27,23,11,12,9,0,0,0,412,221,191,53.6,46.4
20210131,S08000017,Imaging,,NHS Dumfries and Galloway,2021-01-31,73,65,46,17,7,9,10,3,3,2,1,0,0,6,0,1,0,243,217,26,89.3,10.7
20210131,S08000019,Imaging,,NHS Forth Valley,2021-01-31,188,65,22,0,1,0,0,0,0,0,0,0,0,0,0,0,0,276,276,0,100,0
20210131,S08000020,Imaging,,NHS Grampian,2021-01-31,345,262,127,61,37,29,51,43,43,38,37,29,34,247,121,122,138,1764,861,903,48.8,51.2
20210131,S08000022,Imaging,,NHS Highland,2021-01-31,108,116,97,19,29,57,46,92,53,50,28,22,20,1,0,0,0,738,426,312,57.7,42.3
20210131,S08000024,Imaging,,NHS Lothian,2021-01-31,324,482,473,222,142,181,292,198,149,60,72,44,26,45,3,0,1,2714,1824,890,67.2,32.8
20210131,S08000025,Imaging,,NHS Orkney,2021-01-31,0,0,0,0,0,0,0,0,0,0,0,0,0,0,0,0,0,0,0,0,NA,NA
20210131,S08000026,Imaging,,NHS Shetland,2021-01-31,0,0,0,0,0,0,0,0,0,0,0,0,0,0,0,0,0,0,0,0,NA,NA
20210131,S08000028,Imaging,,NHS Western Isles,2021-01-31,25,7,4,3,2,1,6,2,3,2,0,1,0,2,0,0,0,58,42,16,72.4,27.6
20210131,S08000029,Imaging,,NHS Fife,2021-01-31,204,137,128,64,36,74,123,55,0,0,0,0,0,0,0,0,0,821,643,178,78.3,21.7
20210131,S08000030,Imaging,,NHS Tayside,2021-01-31,250,180,113,117,58,99,130,87,31,14,7,4,5,10,0,0,0,1105,817,288,73.9,26.1
20210131,S08000031,Imaging,,NHS Greater Glasgow and Clyde,2021-01-31,1051,752,528,231,99,165,113,75,48,30,20,25,7,41,5,1,0,3191,2826,365,88.6,11.4
20210131,S08000032,Imaging,,NHS Lanarkshire,2021-01-31,270,166,140,52,28,55,37,31,38,12,5,0,0,0,0,0,0,834,711,123,85.3,14.7
20210131,SB0801,Imaging,,The<a0>Golden Jubilee National Hospital,2021-01-31,5,39,84,116,58,6,0,0,0,0,0,0,0,0,0,0,0,308,308,0,100,0
20210228,S08000015,Imaging,,NHS Ayrshire and Arran,2021-02-28,193,194,113,71,37,49,33,31,17,15,17,25,18,155,73,82,153,1276,657,619,51.5,48.5
20210228,S08000016,Imaging,,NHS Borders,2021-02-28,35,25,26,25,32,22,19,13,8,19,21,21,5,7,0,0,0,278,165,113,59.4,40.6
20210228,S08000017,Imaging,,NHS Dumfries and Galloway,2021-02-28,104,59,45,18,4,0,0,0,1,0,0,0,1,2,0,1,0,235,230,5,97.9,2.1
20210228,S08000019,Imaging,,NHS Forth Valley,2021-02-28,186,160,56,16,3,0,0,0,0,0,0,0,0,0,0,0,0,421,421,0,100,0
20210228,S08000020,Imaging,,NHS Grampian,2021-02-28,400,213,161,134,59,42,40,23,12,19,35,25,25,255,124,96,150,1813,1009,804,55.7,44.3
20210228,S08000022,Imaging,,NHS Highland,2021-02-28,128,117,96,75,65,61,31,3,9,14,7,14,12,37,0,0,0,669,542,127,81,19
20210228,S08000024,Imaging,,NHS Lothian,2021-02-28,350,461,335,368,265,225,190,122,78,60,84,49,35,78,2,0,0,2702,2004,698,74.2,25.8
20210228,S08000025,Imaging,,NHS Orkney,2021-02-28,0,0,0,0,0,0,0,0,0,0,0,0,0,0,0,0,0,0,0,0,NA,NA
20210228,S08000026,Imaging,,NHS Shetland,2021-02-28,0,0,0,0,0,0,0,0,0,0,0,0,0,0,0,0,0,0,0,0,NA,NA
20210228,S08000028,Imaging,,NHS Western Isles,2021-02-28,35,8,3,2,1,2,0,3,1,1,6,2,2,3,0,0,0,69,51,18,73.9,26.1
20210228,S08000029,Imaging,,NHS Fife,2021-02-28,267,138,75,60,41,48,29,17,10,21,24,4,0,0,0,0,0,734,629,105,85.7,14.3
20210228,S08000030,Imaging,,NHS Tayside,2021-02-28,328,224,147,143,129,104,73,38,17,8,9,2,6,23,0,0,0,1251,1075,176,85.9,14.1
20210228,S08000031,Imaging,,NHS Greater Glasgow and Clyde,2021-02-28,1071,920,637,445,226,136,90,32,19,16,22,12,4,23,0,0,0,3653,3435,218,94,6
20210228,S08000032,Imaging,,NHS Lanarkshire,2021-02-28,242,169,98,51,36,26,28,6,10,20,8,5,0,0,0,0,0,699,622,77,89,11
20210228,SB0801,Imaging,,The<a0>Golden Jubilee National Hospital,2021-02-28,196,189,40,13,0,0,0,0,0,0,0,0,0,0,0,0,0,438,438,0,100,0
20210331,S08000015,Imaging,,NHS Ayrshire and Arran,2021-03-31,140,186,52,25,14,17,17,20,12,6,6,7,7,81,41,16,121,768,434,334,56.5,43.5
20210331,S08000016,Imaging,,NHS Borders,2021-03-31,46,48,35,45,39,20,20,17,22,12,8,7,1,9,0,0,0,329,233,96,70.8,29.2
20210331,S08000017,Imaging,,NHS Dumfries and Galloway,2021-03-31,123,91,56,41,11,8,2,0,0,1,0,0,1,1,0,0,1,336,330,6,98.2,1.8
20210331,S08000019,Imaging,,NHS Forth Valley,2021-03-31,188,147,123,105,46,2,0,0,0,0,0,0,0,0,0,0,0,611,611,0,100,0
20210331,S08000020,Imaging,,NHS Grampian,2021-03-31,329,251,202,121,85,52,27,25,22,27,18,34,9,213,132,75,144,1766,1040,726,58.9,41.1
20210331,S08000022,Imaging,,NHS Highland,2021-03-31,121,128,103,108,43,62,63,23,14,9,10,10,2,62,0,0,0,758,565,193,74.5,25.5
20210331,S08000024,Imaging,,NHS Lothian,2021-03-31,261,496,523,405,271,188,83,75,73,48,31,35,27,91,5,0,0,2612,2144,468,82.1,17.9
20210331,S08000025,Imaging,,NHS Orkney,2021-03-31,0,0,0,0,0,0,0,0,0,0,0,0,0,0,0,0,0,0,0,0,NA,NA
20210331,S08000026,Imaging,,NHS Shetland,2021-03-31,0,0,0,0,0,0,0,0,0,0,0,0,0,0,0,0,0,0,0,0,NA,NA
20210331,S08000028,Imaging,,NHS Western Isles,2021-03-31,15,11,12,4,4,1,3,3,5,0,0,0,0,10,0,0,0,68,47,21,69.1,30.9
20210331,S08000029,Imaging,,NHS Fife,2021-03-31,263,203,156,102,88,71,66,60,28,13,12,3,2,10,0,0,0,1077,883,194,82,18
20210331,S08000030,Imaging,,NHS Tayside,2021-03-31,427,285,195,193,168,103,95,89,41,12,5,2,1,9,0,0,0,1625,1371,254,84.4,15.6
20210331,S08000031,Imaging,,NHS Greater Glasgow and Clyde,2021-03-31,1100,942,776,618,377,215,96,58,26,14,7,4,0,9,0,0,0,4242,4028,214,95,5
20210331,S08000032,Imaging,,NHS Lanarkshire,2021-03-31,302,193,118,49,36,26,24,19,0,0,0,0,0,0,0,0,0,767,724,43,94.4,5.6
20210331,SB0801,Imaging,,The<a0>Golden Jubilee National Hospital,2021-03-31,187,225,89,14,0,0,0,0,0,0,0,0,0,0,0,0,0,515,515,0,100,0
20210430,S08000015,Imaging,,NHS Ayrshire and Arran,2021-04-30,185,155,45,36,38,23,20,14,9,8,9,11,8,68,39,23,91,782,482,300,61.6,38.4
20210430,S08000016,Imaging,,NHS Borders,2021-04-30,53,34,26,35,36,19,13,18,16,9,2,4,5,10,0,0,0,280,203,77,72.5,27.5
20210430,S08000017,Imaging,,NHS Dumfries and Galloway,2021-04-30,137,102,86,40,26,24,4,3,2,0,0,1,0,0,0,0,1,426,415,11,97.4,2.6
20210430,S08000019,Imaging,,NHS Forth Valley,2021-04-30,214,115,113,103,77,13,0,0,0,0,0,0,0,0,0,0,0,635,635,0,100,0
20210430,S08000020,Imaging,,NHS Grampian,2021-04-30,318,353,264,189,147,88,64,44,42,23,16,22,19,187,122,69,117,2084,1359,725,65.2,34.8
20210430,S08000022,Imaging,,NHS Highland,2021-04-30,147,143,76,50,27,34,10,15,2,12,12,6,4,52,0,0,0,590,477,113,80.8,19.2
20210430,S08000024,Imaging,,NHS Lothian,2021-04-30,237,543,423,363,304,201,138,90,64,48,26,24,21,68,5,0,0,2555,2071,484,81.1,18.9
20210430,S08000025,Imaging,,NHS Orkney,2021-04-30,0,0,0,0,0,0,0,0,0,0,0,0,0,0,0,0,0,0,0,0,NA,NA
20210430,S08000026,Imaging,,NHS Shetland,2021-04-30,0,0,0,0,0,0,0,0,0,0,0,0,0,0,0,0,0,0,0,0,NA,NA
20210430,S08000028,Imaging,,NHS Western Isles,2021-04-30,14,12,12,6,3,6,5,8,1,4,0,3,2,14,0,0,0,90,53,37,58.9,41.1
20210430,S08000029,Imaging,,NHS Fife,2021-04-30,242,245,161,75,152,100,83,14,1,0,0,0,1,1,0,0,0,1075,975,100,90.7,9.3
20210430,S08000030,Imaging,,NHS Tayside,2021-04-30,388,278,195,122,149,188,146,161,142,76,16,7,4,10,0,0,0,1882,1320,562,70.1,29.9
20210430,S08000031,Imaging,,NHS Greater Glasgow and Clyde,2021-04-30,1146,1020,783,348,490,379,223,108,38,19,12,4,3,9,0,0,0,4582,4166,416,90.9,9.1
20210430,S08000032,Imaging,,NHS Lanarkshire,2021-04-30,280,168,100,46,38,25,24,18,10,6,0,0,0,0,0,0,0,715,657,58,91.9,8.1
20210430,SB0801,Imaging,,The<a0>Golden Jubilee National Hospital,2021-04-30,12,163,343,35,0,0,0,0,0,0,0,0,0,0,0,0,0,553,553,0,100,0
20210531,S08000015,Imaging,,NHS Ayrshire and Arran,2021-05-31,194,174,95,34,14,35,15,15,14,17,4,12,12,58,37,22,80,832,546,286,65.6,34.4
20210531,S08000016,Imaging,,NHS Borders,2021-05-31,61,62,28,24,18,9,13,23,17,14,10,17,19,14,0,0,0,329,202,127,61.4,38.6
20210531,S08000017,Imaging,,NHS Dumfries and Galloway,2021-05-31,139,92,105,65,46,8,9,5,0,5,0,1,0,1,0,0,1,477,455,22,95.4,4.6
20210531,S08000019,Imaging,,NHS Forth Valley,2021-05-31,155,176,166,83,11,5,0,0,0,0,0,0,0,0,0,0,0,596,596,0,100,0
20210531,S08000020,Imaging,,NHS Grampian,2021-05-31,381,325,277,220,108,81,36,28,27,26,33,23,17,151,120,62,96,2011,1392,619,69.2,30.8
20210531,S08000022,Imaging,,NHS Highland,2021-05-31,203,131,128,18,61,69,34,28,13,21,5,9,1,41,0,0,0,762,610,152,80.1,19.9
20210531,S08000024,Imaging,,NHS Lothian,2021-05-31,289,505,531,481,303,239,162,135,56,48,35,34,23,85,7,0,0,2933,2348,585,80.1,19.9
20210531,S08000025,Imaging,,NHS Orkney,2021-05-31,0,0,0,0,0,0,0,0,0,0,0,0,0,0,0,0,0,0,0,0,NA,NA
20210531,S08000026,Imaging,,NHS Shetland,2021-05-31,0,0,0,0,0,0,0,0,0,0,0,0,0,0,0,0,0,0,0,0,NA,NA
20210531,S08000028,Imaging,,NHS Western Isles,2021-05-31,8,18,14,8,7,1,1,0,1,3,3,5,1,14,0,0,0,84,56,28,66.7,33.3
20210531,S08000029,Imaging,,NHS Fife,2021-05-31,277,248,173,112,140,132,14,1,1,0,0,0,0,0,0,0,0,1098,1082,16,98.5,1.5
20210531,S08000030,Imaging,,NHS Tayside,2021-05-31,381,276,270,190,172,166,142,108,134,143,82,12,3,9,0,0,0,2088,1455,633,69.7,30.3
20210531,S08000031,Imaging,,NHS Greater Glasgow and Clyde,2021-05-31,1136,1009,961,502,504,308,134,60,56,41,26,1,4,14,0,0,0,4756,4420,336,92.9,7.1
20210531,S08000032,Imaging,,NHS Lanarkshire,2021-05-31,359,308,225,146,78,60,32,17,10,3,0,0,0,0,0,0,0,1238,1176,62,95,5
20210531,SB0801,Imaging,,The<a0>Golden Jubilee National Hospital,2021-05-31,13,89,361,68,3,0,0,0,0,0,0,0,0,0,0,0,0,534,534,0,100,0
20210630,S08000015,Imaging,,NHS Ayrshire and Arran,2021-06-30,205,226,157,75,35,32,14,10,10,7,9,11,3,59,33,29,71,986,730,256,74,26
20210630,S08000016,Imaging,,NHS Borders,2021-06-30,50,35,24,37,30,27,23,19,10,9,19,18,17,28,0,0,0,346,203,143,58.7,41.3
20210630,S08000017,Imaging,,NHS Dumfries and Galloway,2021-06-30,146,95,97,87,58,24,6,6,2,1,2,1,0,0,0,0,0,525,507,18,96.6,3.4
20210630,S08000019,Imaging,,NHS Forth Valley,2021-06-30,179,155,146,83,42,33,0,0,0,0,0,0,0,0,0,0,0,638,638,0,100,0
20210630,S08000020,Imaging,,NHS Grampian,2021-06-30,323,288,274,231,210,212,180,82,46,50,33,24,23,160,113,61,82,2392,1538,854,64.3,35.7
20210630,S08000022,Imaging,,NHS Highland,2021-06-30,107,128,182,40,116,28,28,22,13,8,26,1,4,55,1,0,0,759,601,158,79.2,20.8
20210630,S08000024,Imaging,,NHS Lothian,2021-06-30,298,574,534,427,362,215,155,204,102,34,33,24,17,64,7,0,0,3050,2410,640,79,21
20210630,S08000025,Imaging,,NHS Orkney,2021-06-30,0,0,0,0,0,0,0,0,0,0,0,0,0,0,0,0,0,0,0,0,NA,NA
20210630,S08000026,Imaging,,NHS Shetland,2021-06-30,0,0,0,0,0,0,0,0,0,0,0,0,0,0,0,0,0,0,0,0,NA,NA
20210630,S08000028,Imaging,,NHS Western Isles,2021-06-30,22,16,19,24,2,1,3,1,3,1,1,0,0,17,5,0,0,115,84,31,73,27
20210630,S08000029,Imaging,,NHS Fife,2021-06-30,294,222,163,157,108,91,0,0,0,0,0,0,0,0,0,0,0,1035,1035,0,100,0
20210630,S08000030,Imaging,,NHS Tayside,2021-06-30,362,288,241,222,178,181,203,200,136,154,122,53,21,29,0,0,0,2390,1472,918,61.6,38.4
20210630,S08000031,Imaging,,NHS Greater Glasgow and Clyde,2021-06-30,1182,1047,865,599,572,386,215,79,44,24,3,7,4,10,0,0,0,5037,4651,386,92.3,7.7
20210630,S08000032,Imaging,,NHS Lanarkshire,2021-06-30,355,287,229,163,124,102,65,56,49,43,21,11,4,0,0,0,0,1509,1260,249,83.5,16.5
20210630,SB0801,Imaging,,The<a0>Golden Jubilee National Hospital,2021-06-30,12,241,381,24,0,0,0,0,0,0,0,0,0,0,0,0,0,658,658,0,100,0
20210731,S08000015,Imaging,,NHS Ayrshire and Arran,2021-07-31,172,107,131,204,96,35,31,15,17,26,10,11,8,96,43,31,64,1097,745,352,67.9,32.1
20210731,S08000016,Imaging,,NHS Borders,2021-07-31,50,52,41,35,24,17,16,9,12,17,7,5,1,23,0,0,0,309,219,90,70.9,29.1
20210731,S08000017,Imaging,,NHS Dumfries and Galloway,2021-07-31,98,93,77,79,76,61,33,14,1,0,1,1,1,0,0,0,0,535,484,51,90.5,9.5
20210731,S08000019,Imaging,,NHS Forth Valley,2021-07-31,164,152,108,55,26,8,0,0,0,0,0,0,0,0,0,0,0,513,513,0,100,0
20210731,S08000020,Imaging,,NHS Grampian,2021-07-31,325,258,229,199,192,163,120,112,88,60,41,36,23,165,96,51,68,2226,1366,860,61.4,38.6
20210731,S08000022,Imaging,,NHS Highland,2021-07-31,28,97,46,79,121,110,53,102,21,52,18,11,10,44,0,0,0,792,481,311,60.7,39.3
20210731,S08000024,Imaging,,NHS Lothian,2021-07-31,243,414,448,362,288,263,196,84,65,43,21,28,19,34,4,2,0,2514,2018,496,80.3,19.7
20210731,S08000025,Imaging,,NHS Orkney,2021-07-31,0,0,0,0,0,0,0,0,0,0,0,0,0,0,0,0,0,0,0,0,NA,NA
20210731,S08000026,Imaging,,NHS Shetland,2021-07-31,0,0,0,0,0,0,0,0,0,0,0,0,0,0,0,0,0,0,0,0,NA,NA
20210731,S08000028,Imaging,,NHS Western Isles,2021-07-31,26,25,16,5,5,1,3,2,0,1,1,1,2,8,5,0,0,101,78,23,77.2,22.8
20210731,S08000029,Imaging,,NHS Fife,2021-07-31,229,198,139,129,122,54,0,1,0,0,0,0,0,0,0,0,0,872,871,1,99.9,0.1
20210731,S08000030,Imaging,,NHS Tayside,2021-07-31,249,248,216,196,150,148,185,180,155,170,171,197,138,101,0,0,0,2504,1207,1297,48.2,51.8
20210731,S08000031,Imaging,,NHS Greater Glasgow and Clyde,2021-07-31,1036,691,722,675,524,466,378,153,53,42,22,13,5,9,0,0,0,4789,4114,675,85.9,14.1
20210731,S08000032,Imaging,,NHS Lanarkshire,2021-07-31,237,247,198,202,165,144,60,52,32,34,30,15,17,7,0,0,0,1440,1193,247,82.8,17.2
20210731,SB0801,Imaging,,The<a0>Golden Jubilee National Hospital,2021-07-31,21,281,374,51,14,5,0,0,0,0,0,0,0,0,0,0,0,746,746,0,100,0
20210831,S08000015,Imaging,,NHS Ayrshire and Arran,2021-08-31,202,177,117,91,74,35,20,21,18,12,11,6,8,83,37,27,63,1002,696,306,69.5,30.5
20210831,S08000016,Imaging,,NHS Borders,2021-08-31,57,41,47,31,18,16,13,5,4,1,2,0,0,2,0,0,0,237,210,27,88.6,11.4
20210831,S08000017,Imaging,,NHS Dumfries and Galloway,2021-08-31,142,89,70,64,74,53,54,22,14,2,3,2,1,1,0,0,0,591,492,99,83.2,16.8
20210831,S08000019,Imaging,,NHS Forth Valley,2021-08-31,211,118,54,23,16,1,0,0,0,0,0,0,0,0,0,0,0,423,423,0,100,0
20210831,S08000020,Imaging,,NHS Grampian,2021-08-31,362,339,267,225,170,161,170,126,149,103,39,50,27,179,76,60,63,2566,1524,1042,59.4,40.6
20210831,S08000022,Imaging,,NHS Highland,2021-08-31,194,192,36,19,6,44,18,66,67,68,10,39,5,27,0,0,0,791,491,300,62.1,37.9
20210831,S08000024,Imaging,,NHS Lothian,2021-08-31,332,499,392,389,277,168,121,81,38,42,41,21,12,37,3,0,0,2453,2057,396,83.9,16.1
20210831,S08000025,Imaging,,NHS Orkney,2021-08-31,0,0,0,0,0,0,0,0,0,0,0,0,0,0,0,0,0,0,0,0,NA,NA
20210831,S08000026,Imaging,,NHS Shetland,2021-08-31,0,0,0,0,0,0,0,0,0,0,0,0,0,0,0,0,0,0,0,0,NA,NA
20210831,S08000028,Imaging,,NHS Western Isles,2021-08-31,26,18,16,12,8,6,5,3,2,4,1,1,0,1,2,0,0,105,86,19,81.9,18.1
20210831,S08000029,Imaging,,NHS Fife,2021-08-31,245,167,124,103,80,12,1,0,0,0,0,0,0,0,0,0,0,732,731,1,99.9,0.1
20210831,S08000030,Imaging,,NHS Tayside,2021-08-31,436,245,182,152,169,128,160,149,126,129,164,160,154,304,0,0,0,2658,1312,1346,49.4,50.6
20210831,S08000031,Imaging,,NHS Greater Glasgow and Clyde,2021-08-31,1195,943,694,558,556,375,266,77,43,36,30,5,4,11,0,0,0,4793,4321,472,90.2,9.8
20210831,S08000032,Imaging,,NHS Lanarkshire,2021-08-31,269,215,190,156,71,64,51,64,35,27,25,21,17,24,0,0,0,1229,965,264,78.5,21.5
20210831,SB0801,Imaging,,The<a0>Golden Jubilee National Hospital,2021-08-31,9,194,467,222,46,1,0,0,0,0,0,0,0,0,0,0,0,939,939,0,100,0
20210930,S08000015,Imaging,,NHS Ayrshire and Arran,2021-09-30,245,206,258,203,90,80,102,16,7,11,6,9,9,75,38,26,69,1450,1082,368,74.6,25.4
20210930,S08000016,Imaging,,NHS Borders,2021-09-30,77,42,50,34,22,20,7,3,0,1,1,1,0,4,0,0,0,262,245,17,93.5,6.5
20210930,S08000017,Imaging,,NHS Dumfries and Galloway,2021-09-30,120,93,88,78,74,67,41,21,13,8,5,1,0,1,0,0,0,610,520,90,85.2,14.8
20210930,S08000019,Imaging,,NHS Forth Valley,2021-09-30,172,118,56,24,3,3,0,0,0,0,0,0,0,0,0,0,0,376,376,0,100,0
20210930,S08000020,Imaging,,NHS Grampian,2021-09-30,373,316,329,267,205,227,165,129,115,81,63,47,50,176,69,45,42,2699,1717,982,63.6,36.4
20210930,S08000022,Imaging,,NHS Highland,2021-09-30,87,49,112,124,53,118,27,5,1,2,13,15,45,54,0,0,0,705,543,162,77,23
20210930,S08000024,Imaging,,NHS Lothian,2021-09-30,384,465,512,465,353,158,78,54,56,27,14,7,9,28,1,0,0,2611,2337,274,89.5,10.5
20210930,S08000025,Imaging,,NHS Orkney,2021-09-30,0,0,0,0,0,0,0,0,0,0,0,0,0,0,0,0,0,0,0,0,NA,NA
20210930,S08000026,Imaging,,NHS Shetland,2021-09-30,0,0,0,0,0,0,0,0,0,0,0,0,0,0,0,0,0,0,0,0,NA,NA
20210930,S08000028,Imaging,,NHS Western Isles,2021-09-30,21,5,12,6,12,9,5,2,0,1,0,3,1,5,0,0,0,82,65,17,79.3,20.7
20210930,S08000029,Imaging,,NHS Fife,2021-09-30,264,242,174,116,19,3,1,0,0,0,0,0,0,0,0,0,0,819,818,1,99.9,0.1
20210930,S08000030,Imaging,,NHS Tayside,2021-09-30,455,252,204,189,195,157,155,148,128,128,138,129,141,470,0,0,0,2889,1452,1437,50.3,49.7
20210930,S08000031,Imaging,,NHS Greater Glasgow and Clyde,2021-09-30,1175,1076,937,814,641,470,240,65,46,16,15,6,4,10,0,0,0,5515,5113,402,92.7,7.3
20210930,S08000032,Imaging,,NHS Lanarkshire,2021-09-30,221,277,245,133,105,69,36,32,35,19,20,15,17,32,0,0,0,1256,1050,206,83.6,16.4
20210930,SB0801,Imaging,,The<a0>Golden Jubilee National Hospital,2021-09-30,14,322,363,128,21,14,0,0,0,0,0,0,0,0,0,0,0,862,862,0,100,0
20211031,S08000015,Imaging,,NHS Ayrshire and Arran,2021-10-31,268,226,219,159,143,74,42,48,29,14,13,9,4,71,46,22,49,1436,1089,347,75.8,24.2
20211031,S08000016,Imaging,,NHS Borders,2021-10-31,63,44,35,34,30,13,7,8,1,2,0,0,0,0,0,0,0,237,219,18,92.4,7.6
20211031,S08000017,Imaging,,NHS Dumfries and Galloway,2021-10-31,101,93,88,114,71,54,23,24,10,4,1,1,1,1,0,0,0,586,521,65,88.9,11.1
20211031,S08000019,Imaging,,NHS Forth Valley,2021-10-31,200,129,54,21,1,1,0,0,0,0,0,0,0,0,0,0,0,406,406,0,100,0
20211031,S08000020,Imaging,,NHS Grampian,2021-10-31,375,270,269,255,179,194,237,207,170,176,130,66,59,246,80,35,28,2976,1542,1434,51.8,48.2
20211031,S08000022,Imaging,,NHS Highland,2021-10-31,204,62,127,52,40,7,27,24,27,43,15,1,1,25,1,0,0,656,492,164,75,25
20211031,S08000024,Imaging,,NHS Lothian,2021-10-31,384,465,512,465,376,146,69,49,58,28,14,5,10,24,1,0,0,2606,2348,258,90.1,9.9
20211031,S08000025,Imaging,,NHS Orkney,2021-10-31,0,0,0,0,0,0,0,0,0,0,0,0,0,0,0,0,0,0,0,0,NA,NA
20211031,S08000026,Imaging,,NHS Shetland,2021-10-31,0,0,0,0,0,0,0,0,0,0,0,0,0,0,0,0,0,0,0,0,NA,NA
20211031,S08000028,Imaging,,NHS Western Isles,2021-10-31,21,10,19,9,9,12,5,3,2,1,5,5,2,9,0,0,0,112,80,32,71.4,28.6
20211031,S08000029,Imaging,,NHS Fife,2021-10-31,270,192,163,124,62,11,0,0,1,0,0,0,0,0,0,0,0,823,822,1,99.9,0.1
20211031,S08000030,Imaging,,NHS Tayside,2021-10-31,400,270,184,202,216,152,164,163,173,132,154,128,119,442,0,0,0,2899,1424,1475,49.1,50.9
20211031,S08000031,Imaging,,NHS Greater Glasgow and Clyde,2021-10-31,1194,974,738,919,516,551,318,98,57,46,7,6,2,3,0,0,0,5429,4892,537,90.1,9.9
20211031,S08000032,Imaging,,NHS Lanarkshire,2021-10-31,308,216,135,77,74,74,42,26,20,19,10,17,19,44,0,0,0,1081,884,197,81.8,18.2
20211031,SB0801,Imaging,,The<a0>Golden Jubilee National Hospital,2021-10-31,19,305,435,104,23,2,0,0,0,0,0,0,0,0,0,0,0,888,888,0,100,0
20211130,S08000015,Imaging,,NHS Ayrshire and Arran,2021-11-30,242,244,202,244,202,210,68,45,22,27,7,13,6,61,45,20,28,1686,1344,342,79.7,20.3
20211130,S08000016,Imaging,,NHS Borders,2021-11-30,66,25,35,27,18,4,7,8,2,5,1,3,1,0,0,0,0,202,175,27,86.6,13.4
20211130,S08000017,Imaging,,NHS Dumfries and Galloway,2021-11-30,215,107,96,102,61,73,41,21,3,1,1,1,1,3,0,0,0,726,654,72,90.1,9.9
20211130,S08000019,Imaging,,NHS Forth Valley,2021-11-30,248,198,112,62,19,2,0,0,0,0,0,0,0,0,0,0,0,641,641,0,100,0
20211130,S08000020,Imaging,,NHS Grampian,2021-11-30,385,345,339,264,215,181,141,165,170,124,157,112,65,268,80,24,6,3041,1729,1312,56.9,43.1
20211130,S08000022,Imaging,,NHS Highland,2021-11-30,104,94,97,50,72,53,55,5,21,14,7,14,15,56,1,0,0,658,470,188,71.4,28.6
20211130,S08000024,Imaging,,NHS Lothian,2021-11-30,401,552,496,393,312,116,75,46,41,24,13,16,12,57,0,0,0,2554,2270,284,88.9,11.1
20211130,S08000025,Imaging,,NHS Orkney,2021-11-30,0,0,0,0,0,0,0,0,0,0,0,0,0,0,0,0,0,0,0,0,NA,NA
20211130,S08000026,Imaging,,NHS Shetland,2021-11-30,0,0,0,0,0,0,0,0,0,0,0,0,0,0,0,0,0,0,0,0,NA,NA
20211130,S08000028,Imaging,,NHS Western Isles,2021-11-30,15,14,21,4,16,4,9,2,3,2,1,1,0,17,0,0,0,109,74,35,67.9,32.1
20211130,S08000029,Imaging,,NHS Fife,2021-11-30,305,190,190,126,147,47,9,2,2,0,0,0,0,0,0,0,0,1018,1005,13,98.7,1.3
20211130,S08000030,Imaging,,NHS Tayside,2021-11-30,403,248,230,186,171,170,128,109,171,172,141,157,147,542,0,0,0,2975,1408,1567,47.3,52.7
20211130,S08000031,Imaging,,NHS Greater Glasgow and Clyde,2021-11-30,1180,1155,1009,847,724,522,342,123,13,22,8,3,4,9,0,0,0,5961,5437,524,91.2,8.8
20211130,S08000032,Imaging,,NHS Lanarkshire,2021-11-30,301,217,187,139,75,40,37,27,27,27,23,23,13,66,0,0,0,1202,959,243,79.8,20.2
20211130,SB0801,Imaging,,The<a0>Golden Jubilee National Hospital,2021-11-30,7,338,304,228,88,2,0,0,0,0,0,0,0,0,0,0,0,967,967,0,100,0
20211231,S08000015,Imaging,,NHS Ayrshire and Arran,2021-12-31,82,220,277,216,162,160,125,139,92,95,38,18,10,81,39,18,13,1785,1117,668,62.6,37.4
20211231,S08000016,Imaging,,NHS Borders,2021-12-31,29,74,43,19,29,17,12,10,9,5,0,2,4,7,0,0,0,260,211,49,81.2,18.8
20211231,S08000017,Imaging,,NHS Dumfries and Galloway,2021-12-31,60,112,95,113,89,113,61,43,13,6,10,2,1,3,0,0,0,721,582,139,80.7,19.3
20211231,S08000019,Imaging,,NHS Forth Valley,2021-12-31,102,156,177,107,117,71,39,0,1,0,0,0,0,0,0,0,0,770,730,40,94.8,5.2
20211231,S08000020,Imaging,,NHS Grampian,2021-12-31,156,175,321,311,263,171,199,241,202,179,162,106,135,500,127,0,7,3255,1397,1858,42.9,57.1
20211231,S08000022,Imaging,,NHS Highland,2021-12-31,223,120,37,118,113,29,53,40,17,30,23,16,0,93,1,0,0,913,640,273,70.1,29.9
20211231,S08000024,Imaging,,NHS Lothian,2021-12-31,106,474,585,476,429,194,88,75,85,78,47,31,29,77,5,0,0,2779,2264,515,81.5,18.5
20211231,S08000025,Imaging,,NHS Orkney,2021-12-31,0,0,0,0,0,0,0,0,0,0,0,0,0,0,0,0,0,0,0,0,NA,NA
20211231,S08000026,Imaging,,NHS Shetland,2021-12-31,0,0,0,0,0,0,0,0,0,0,0,0,0,0,0,0,0,0,0,0,NA,NA
20211231,S08000028,Imaging,,NHS Western Isles,2021-12-31,28,12,16,20,8,8,4,0,0,1,5,1,3,14,2,0,0,122,92,30,75.4,24.6
20211231,S08000029,Imaging,,NHS Fife,2021-12-31,98,185,158,144,124,135,90,40,14,9,0,1,0,0,0,0,0,998,844,154,84.6,15.4
20211231,S08000030,Imaging,,NHS Tayside,2021-12-31,201,269,247,204,159,141,175,168,168,173,137,96,133,854,0,0,0,3125,1221,1904,39.1,60.9
20211231,S08000031,Imaging,,NHS Greater Glasgow and Clyde,2021-12-31,393,1066,969,979,891,818,817,522,211,62,22,5,4,11,0,0,0,6770,5116,1654,75.6,24.4
20211231,S08000032,Imaging,,NHS Lanarkshire,2021-12-31,157,255,232,75,65,49,32,35,23,25,20,16,17,77,0,0,0,1078,833,245,77.3,22.7
20211231,SB0801,Imaging,,The<a0>Golden Jubilee National Hospital,2021-12-31,16,224,355,166,54,43,0,0,0,0,0,0,0,0,0,0,0,858,858,0,100,0
20220131,S08000015,Imaging,,NHS Ayrshire and Arran,2022-01-31,161,128,156,137,69,97,96,126,79,72,38,58,44,128,25,24,2,1440,748,692,51.9,48.1
20220131,S08000016,Imaging,,NHS Borders,2022-01-31,86,53,53,10,10,15,3,0,4,2,1,1,9,9,0,0,0,256,227,29,88.7,11.3
20220131,S08000017,Imaging,,NHS Dumfries and Galloway,2022-01-31,105,95,84,50,21,82,53,68,24,14,1,2,3,2,1,0,0,605,437,168,72.2,27.8
20220131,S08000019,Imaging,,NHS Forth Valley,2022-01-31,216,235,174,61,23,57,17,0,3,0,1,0,0,0,0,0,0,787,766,21,97.3,2.7
20220131,S08000020,Imaging,,NHS Grampian,2022-01-31,440,317,261,151,73,140,202,172,185,152,204,184,150,537,109,15,7,3299,1382,1917,41.9,58.1
20220131,S08000022,Imaging,,NHS Highland,2022-01-31,71,140,66,40,169,96,10,75,52,8,25,20,14,118,2,0,0,906,582,324,64.2,35.8
20220131,S08000024,Imaging,,NHS Lothian,2022-01-31,420,604,476,312,118,194,218,89,76,61,28,42,31,102,10,0,1,2782,2124,658,76.3,23.7
20220131,S08000025,Imaging,,NHS Orkney,2022-01-31,0,0,0,0,0,0,0,0,0,0,0,0,0,0,0,0,0,0,0,0,NA,NA
20220131,S08000026,Imaging,,NHS Shetland,2022-01-31,0,0,0,0,0,0,0,0,0,0,0,0,0,0,0,0,0,0,0,0,NA,NA
20220131,S08000028,Imaging,,NHS Western Isles,2022-01-31,13,8,24,4,1,20,11,6,7,2,2,1,0,7,6,0,0,112,70,42,62.5,37.5
20220131,S08000029,Imaging,,NHS Fife,2022-01-31,255,216,118,55,34,74,50,16,4,1,0,0,0,0,0,0,0,823,752,71,91.4,8.6
20220131,S08000030,Imaging,,NHS Tayside,2022-01-31,362,245,217,116,80,140,175,184,149,128,136,170,154,1105,22,0,0,3383,1160,2223,34.3,65.7
20220131,S08000031,Imaging,,NHS Greater Glasgow and Clyde,2022-01-31,1316,1089,949,437,264,654,640,630,537,342,97,21,6,13,2,0,0,6997,4709,2288,67.3,32.7
20220131,S08000032,Imaging,,NHS Lanarkshire,2022-01-31,254,258,153,76,70,68,52,43,30,23,19,14,14,92,0,0,0,1166,879,287,75.4,24.6
20220131,SB0801,Imaging,,The<a0>Golden Jubilee National Hospital,2022-01-31,13,318,480,107,14,5,5,0,0,0,0,0,0,0,0,0,0,942,937,5,99.5,0.5
20220228,S08000015,Imaging,,NHS Ayrshire and Arran,2022-02-28,227,287,277,193,85,64,39,34,22,29,35,26,12,154,21,2,5,1512,1133,379,74.9,25.1
20220228,S08000016,Imaging,,NHS Borders,2022-02-28,70,47,67,42,46,28,22,5,1,4,2,0,2,15,0,0,0,351,300,51,85.5,14.5
20220228,S08000017,Imaging,,NHS Dumfries and Galloway,2022-02-28,146,96,64,67,46,52,30,7,1,15,2,0,2,5,0,0,3,536,471,65,87.9,12.1
20220228,S08000019,Imaging,,NHS Forth Valley,2022-02-28,196,145,153,143,89,110,40,8,0,0,0,0,0,0,0,0,0,884,836,48,94.6,5.4
20220228,S08000020,Imaging,,NHS Grampian,2022-02-28,356,303,306,259,248,199,165,114,59,118,173,148,142,593,109,16,4,3312,1671,1641,50.5,49.5
20220228,S08000022,Imaging,,NHS Highland,2022-02-28,234,90,76,74,23,70,38,19,148,2,3,19,26,111,13,0,0,946,567,379,59.9,40.1
20220228,S08000024,Imaging,,NHS Lothian,2022-02-28,377,492,534,410,311,217,95,52,24,42,54,37,35,169,8,1,0,2858,2341,517,81.9,18.1
20220228,S08000025,Imaging,,NHS Orkney,2022-02-28,0,0,0,0,0,0,0,0,0,0,0,0,0,0,0,0,0,0,0,0,NA,NA
20220228,S08000026,Imaging,,NHS Shetland,2022-02-28,0,0,0,0,0,0,0,0,0,0,0,0,0,0,0,0,0,0,0,0,NA,NA
20220228,S08000028,Imaging,,NHS Western Isles,2022-02-28,16,6,14,7,3,3,3,0,0,1,0,2,4,5,6,0,0,70,49,21,70,30
20220228,S08000029,Imaging,,NHS Fife,2022-02-28,218,208,165,113,86,22,4,2,5,2,0,0,0,1,0,0,0,826,812,14,98.3,1.7
20220228,S08000030,Imaging,,NHS Tayside,2022-02-28,344,295,225,228,178,169,168,107,74,132,165,167,138,1253,0,0,0,3643,1439,2204,39.5,60.5
20220228,S08000031,Imaging,,NHS Greater Glasgow and Clyde,2022-02-28,1197,977,1049,985,918,760,533,212,150,449,284,228,45,46,3,0,0,7836,5886,1950,75.1,24.9
20220228,S08000032,Imaging,,NHS Lanarkshire,2022-02-28,257,288,166,111,91,58,46,14,15,18,18,19,11,88,5,0,0,1205,971,234,80.6,19.4
20220228,SB0801,Imaging,,The<a0>Golden Jubilee National Hospital,2022-02-28,9,274,565,48,20,8,1,0,0,0,0,0,0,0,0,0,0,925,924,1,99.9,0.1
20220331,S08000015,Imaging,,NHS Ayrshire and Arran,2022-03-31,187,183,238,171,165,166,152,105,38,17,10,13,5,106,23,1,1,1581,1110,471,70.2,29.8
20220331,S08000016,Imaging,,NHS Borders,2022-03-31,79,51,47,36,32,26,23,35,27,26,16,4,4,3,0,0,0,409,271,138,66.3,33.7
20220331,S08000017,Imaging,,NHS Dumfries and Galloway,2022-03-31,125,108,84,73,64,34,18,3,3,5,0,0,0,5,0,0,0,522,488,34,93.5,6.5
20220331,S08000019,Imaging,,NHS Forth Valley,2022-03-31,178,160,135,118,69,94,71,51,47,14,4,1,2,0,0,0,0,944,754,190,79.9,20.1
20220331,S08000020,Imaging,,NHS Grampian,2022-03-31,364,293,293,250,222,193,187,166,179,130,128,110,32,535,123,5,0,3210,1615,1595,50.3,49.7
20220331,S08000022,Imaging,,NHS Highland,2022-03-31,465,205,78,48,37,163,23,37,41,9,55,29,13,125,6,0,0,1334,996,338,74.7,25.3
20220331,S08000024,Imaging,,NHS Lothian,2022-03-31,238,564,482,422,352,274,152,98,67,27,22,20,9,179,4,2,0,2912,2332,580,80.1,19.9
20220331,S08000025,Imaging,,NHS Orkney,2022-03-31,0,0,0,0,0,0,0,0,0,0,0,0,0,0,0,0,0,0,0,0,NA,NA
20220331,S08000026,Imaging,,NHS Shetland,2022-03-31,0,0,0,0,0,0,0,0,0,0,0,0,0,0,0,0,0,0,0,0,NA,NA
20220331,S08000028,Imaging,,NHS Western Isles,2022-03-31,11,8,12,17,11,4,7,1,0,1,2,0,0,10,4,2,0,90,63,27,70,30
20220331,S08000029,Imaging,,NHS Fife,2022-03-31,292,246,153,151,61,8,1,1,0,0,0,0,0,0,0,0,0,913,911,2,99.8,0.2
20220331,S08000030,Imaging,,NHS Tayside,2022-03-31,441,265,224,201,160,161,145,210,150,186,150,146,70,1384,12,0,0,3905,1452,2453,37.2,62.8
20220331,S08000031,Imaging,,NHS Greater Glasgow and Clyde,2022-03-31,1147,1180,1010,881,829,785,698,725,606,471,243,42,15,42,3,0,0,8677,5832,2845,67.2,32.8
20220331,S08000032,Imaging,,NHS Lanarkshire,2022-03-31,257,178,146,107,76,97,69,43,34,45,31,20,8,90,18,0,0,1219,861,358,70.6,29.4
20220331,SB0801,Imaging,,The<a0>Golden Jubilee National Hospital,2022-03-31,18,85,371,191,74,48,8,0,0,0,0,0,0,0,0,0,0,795,787,8,99,1
20220430,S08000015,Imaging,,NHS Ayrshire and Arran,2022-04-30,227,128,176,248,159,95,114,97,117,75,24,59,12,73,15,1,0,1620,1033,587,63.8,36.2
20220430,S08000016,Imaging,,NHS Borders,2022-04-30,47,54,63,48,45,33,24,31,18,35,15,26,13,30,0,0,0,482,290,192,60.2,39.8
20220430,S08000017,Imaging,,NHS Dumfries and Galloway,2022-04-30,115,57,78,94,82,71,30,28,19,11,2,0,1,3,0,0,1,592,497,95,84,16
20220430,S08000019,Imaging,,NHS Forth Valley,2022-04-30,207,168,133,127,80,57,70,36,52,23,13,5,1,3,0,0,0,975,772,203,79.2,20.8
20220430,S08000020,Imaging,,NHS Grampian,2022-04-30,361,369,261,225,261,195,174,184,174,162,119,134,103,505,138,11,0,3376,1672,1704,49.5,50.5
20220430,S08000022,Imaging,,NHS Highland,2022-04-30,90,122,37,110,384,101,3,30,10,69,13,25,12,76,3,0,0,1085,844,241,77.8,22.2
20220430,S08000024,Imaging,,NHS Lothian,2022-04-30,455,479,435,515,304,211,161,163,98,47,26,23,21,82,8,2,0,3030,2399,631,79.2,20.8
20220430,S08000025,Imaging,,NHS Orkney,2022-04-30,0,0,0,0,0,0,0,0,0,0,0,0,0,0,0,0,0,0,0,0,NA,NA
20220430,S08000026,Imaging,,NHS Shetland,2022-04-30,0,0,0,0,0,0,0,0,0,0,0,0,0,0,0,0,0,0,0,0,NA,NA
20220430,S08000028,Imaging,,NHS Western Isles,2022-04-30,27,11,9,6,3,3,2,2,1,2,1,1,0,5,3,4,0,80,59,21,73.8,26.2
20220430,S08000029,Imaging,,NHS Fife,2022-04-30,221,194,143,134,89,12,2,0,0,0,0,0,0,0,0,0,0,795,793,2,99.7,0.3
20220430,S08000030,Imaging,,NHS Tayside,2022-04-30,383,280,211,123,188,159,166,152,162,143,121,176,165,1495,26,0,0,3950,1344,2606,34,66
20220430,S08000031,Imaging,,NHS Greater Glasgow and Clyde,2022-04-30,1234,731,760,822,868,867,792,692,678,681,528,392,163,75,3,0,0,9286,5282,4004,56.9,43.1
20220430,S08000032,Imaging,,NHS Lanarkshire,2022-04-30,293,138,177,158,144,72,71,60,38,40,27,22,15,119,18,0,0,1392,982,410,70.5,29.5
20220430,SB0801,Imaging,b,The<a0>Golden Jubilee National Hospital,2022-04-30,21,35,36,28,22,17,11,12,11,21,14,11,9,8,0,0,0,256,159,97,62.1,37.9
20220531,S08000015,Imaging,,NHS Ayrshire and Arran,2022-05-31,199,158,210,172,101,80,73,64,84,68,27,35,29,92,2,0,0,1394,920,474,66,34
20220531,S08000016,Imaging,,NHS Borders,2022-05-31,71,55,40,48,42,39,41,24,35,27,28,25,20,35,0,0,0,530,295,235,55.7,44.3
20220531,S08000017,Imaging,,NHS Dumfries and Galloway,2022-05-31,115,100,109,73,30,28,17,13,4,3,1,3,2,0,0,0,0,498,455,43,91.4,8.6
20220531,S08000019,Imaging,,NHS Forth Valley,2022-05-31,225,216,171,124,78,66,30,27,11,2,3,4,1,1,0,0,0,959,880,79,91.8,8.2
20220531,S08000020,Imaging,,NHS Grampian,2022-05-31,378,375,316,253,198,222,167,161,186,142,124,127,104,529,148,11,0,3441,1742,1699,50.6,49.4
20220531,S08000022,Imaging,,NHS Highland,2022-05-31,270,127,44,70,44,76,10,80,269,30,1,9,3,51,0,0,0,1084,631,453,58.2,41.8
20220531,S08000024,Imaging,,NHS Lothian,2022-05-31,342,573,476,314,214,185,107,159,123,48,23,15,21,60,8,0,0,2668,2104,564,78.9,21.1
20220531,S08000025,Imaging,,NHS Orkney,2022-05-31,0,0,0,0,0,0,0,0,0,0,0,0,0,0,0,0,0,0,0,0,NA,NA
20220531,S08000026,Imaging,,NHS Shetland,2022-05-31,0,0,0,0,0,0,0,0,0,0,0,0,0,0,0,0,0,0,0,0,NA,NA
20220531,S08000028,Imaging,,NHS Western Isles,2022-05-31,18,11,11,5,11,11,8,3,0,2,2,2,1,9,1,4,0,99,67,32,67.7,32.3
20220531,S08000029,Imaging,,NHS Fife,2022-05-31,215,256,167,16,4,3,0,0,1,2,0,0,0,0,0,0,0,664,661,3,99.5,0.5
20220531,S08000030,Imaging,,NHS Tayside,2022-05-31,392,279,216,178,176,185,112,109,113,154,138,158,157,1569,28,0,0,3964,1426,2538,36,64
20220531,S08000031,Imaging,,NHS Greater Glasgow and Clyde,2022-05-31,1255,1116,1039,783,817,528,573,639,699,725,670,513,439,438,4,0,0,10238,5538,4700,54.1,45.9
20220531,S08000032,Imaging,,NHS Lanarkshire,2022-05-31,344,236,218,129,115,52,42,22,36,34,23,23,25,167,20,1,0,1487,1094,393,73.6,26.4
20220531,SB0801,Imaging,,The<a0>Golden Jubilee National Hospital,2022-05-31,38,37,42,36,27,20,24,14,12,15,13,11,8,22,0,0,0,319,200,119,62.7,37.3
20220630,S08000015,Imaging,,NHS Ayrshire and Arran,2022-06-30,220,208,235,126,130,123,70,46,45,28,21,27,9,48,1,0,0,1337,1042,295,77.9,22.1
20220630,S08000016,Imaging,,NHS Borders,2022-06-30,59,32,55,45,40,38,21,24,21,23,18,23,23,28,0,0,0,450,269,181,59.8,40.2
20220630,S08000017,Imaging,,NHS Dumfries and Galloway,2022-06-30,131,110,79,71,47,53,35,22,10,7,2,1,0,4,0,0,0,572,491,81,85.8,14.2
20220630,S08000019,Imaging,,NHS Forth Valley,2022-06-30,334,182,146,114,75,44,24,6,3,2,1,3,2,3,0,0,0,939,895,44,95.3,4.7
20220630,S08000020,Imaging,,NHS Grampian,2022-06-30,368,352,296,270,274,248,223,190,144,154,136,117,128,588,135,19,0,3642,1808,1834,49.6,50.4
20220630,S08000022,Imaging,,NHS Highland,2022-06-30,137,180,139,139,191,143,39,18,8,39,3,8,66,88,1,0,0,1199,929,270,77.5,22.5
20220630,S08000024,Imaging,,NHS Lothian,2022-06-30,328,482,523,351,235,184,164,136,135,72,24,32,26,66,8,0,0,2766,2103,663,76,24
20220630,S08000025,Imaging,,NHS Orkney,2022-06-30,0,0,0,0,0,0,0,0,0,0,0,0,0,0,0,0,0,0,0,0,NA,NA
20220630,S08000026,Imaging,,NHS Shetland,2022-06-30,0,0,0,0,0,0,0,0,0,0,0,0,0,0,0,0,0,0,0,0,NA,NA
20220630,S08000028,Imaging,,NHS Western Isles,2022-06-30,32,13,27,11,16,10,9,5,10,10,7,3,0,2,1,0,0,156,109,47,69.9,30.1
20220630,S08000029,Imaging,,NHS Fife,2022-06-30,318,176,121,32,6,3,3,0,1,0,0,0,0,0,0,0,0,660,656,4,99.4,0.6
20220630,S08000030,Imaging,,NHS Tayside,2022-06-30,408,269,217,159,157,150,146,150,128,185,121,112,68,1626,152,0,0,4048,1360,2688,33.6,66.4
20220630,S08000031,Imaging,,NHS Greater Glasgow and Clyde,2022-06-30,1206,1102,884,970,923,832,799,661,697,467,510,597,535,905,2,0,0,11090,5917,5173,53.4,46.6
20220630,S08000032,Imaging,,NHS Lanarkshire,2022-06-30,281,226,219,104,199,120,55,47,34,28,19,23,15,177,36,0,0,1583,1149,434,72.6,27.4
20220630,SB0801,Imaging,,The<a0>Golden Jubilee National Hospital,2022-06-30,31,44,17,21,26,32,23,21,16,14,13,7,5,15,0,0,0,285,171,114,60,40
20200331,S08000031,Imaging,:,NHS Greater Glasgow and Clyde,2020-03-31,0,0,0,0,0,0,0,0,0,0,0,0,0,0,0,0,0,0,0,0,NA,NA
20200430,S08000031,Imaging,:,NHS Greater Glasgow and Clyde,2020-04-30,0,0,0,0,0,0,0,0,0,0,0,0,0,0,0,0,0,0,0,0,NA,NA
